node;1_hop_neighbours;2_hop_neighbours;3_hop_neighbours
0;[1];[];[]
1;[0];[];[]
2;[3];[];[]
3;[2];[];[]
4;[5];[];[]
5;[4];[];[]
6;[7];[];[]
7;[6];[];[]
8;[9];[];[]
9;[8];[];[]
10;[11];[];[]
11;[10];[];[]
12;[13];[];[]
13;[12];[];[]
14;[15];[];[]
15;[14];[];[]
16;[17];[];[]
17;[16];[];[]
18;[19];[];[]
19;[18];[];[]
20;[21];[];[]
21;[20];[];[]
22;[23];[];[]
23;[22];[];[]
24;[25];[];[]
25;[24];[];[]
26;[27];[];[]
27;[26];[];[]
28;[29];[];[]
29;[28];[];[]
30;[31];[];[]
31;[30];[];[]
32;[33];[];[]
33;[32];[];[]
34;[35];[];[]
35;[34];[];[]
36;[37];[];[]
37;[36];[];[]
38;[39];[];[]
39;[38];[];[]
40;[41];[];[]
41;[40];[];[]
42;[43];[];[]
43;[42];[];[]
44;[45];[];[]
45;[44];[];[]
46;[47];[];[]
47;[46];[];[]
48;[49];[];[]
49;[48];[];[]
50;[51];[];[]
51;[50];[];[]
52;[53];[];[]
53;[52];[];[]
54;[55];[];[]
55;[54];[];[]
56;[57];[];[]
57;[56];[];[]
58;[59];[];[]
59;[58];[];[]
60;[61];[];[]
61;[60];[];[]
62;[63];[];[]
63;[62];[];[]
64;[65];[];[]
65;[64];[];[]
66;[67];[];[]
67;[66];[];[]
68;[69];[];[]
69;[68];[];[]
70;[71];[];[]
71;[70];[];[]
72;[73];[];[]
73;[72];[];[]
74;[75];[];[]
75;[74];[];[]
76;[77];[];[]
77;[76];[];[]
78;[79];[];[]
79;[78];[];[]
80;[81];[];[]
81;[80];[];[]
82;[83];[];[]
83;[82];[];[]
84;[1127, 158, 1630, 141, 1167, 85];[1006, 1599, 156, 261, 1090, 1094, 1678, 157, 155, 1128, 1124, 142, 1125, 1126, 1092, 159, 1091, 1677, 1676, 1093, 260, 259, 1095, 1096, 945, 1123];[1329, 1421, 918, 1331, 1579, 1419, 1601, 1600, 944, 1581, 1598, 1580, 231, 1005, 1577, 1578, 1420, 1330, 1582, 1328]
85;[1091, 1090, 1094, 1093, 1095, 84, 1096, 1630, 945, 1092];[1127, 158, 1006, 141, 1599, 1676, 231, 1678, 944, 1167, 1677];[1421, 156, 261, 232, 157, 155, 1128, 1124, 1125, 142, 1126, 1419, 159, 1601, 1600, 1598, 1243, 516, 1005, 260, 259, 1420, 1123]
86;[87];[];[]
87;[86];[];[]
88;[89];[];[]
89;[88];[];[]
90;[91];[];[]
91;[90];[];[]
92;[93];[];[]
93;[92];[];[]
94;[95];[];[]
95;[94];[];[]
96;[98, 101, 103, 99, 105, 104, 106, 102, 97, 100];[];[]
97;[98, 96, 101, 103, 99, 105, 104, 106, 102, 100];[];[]
98;[96, 101, 103, 99, 105, 104, 106, 102, 97, 100];[];[]
99;[98, 96, 101, 103, 105, 104, 106, 102, 97, 100];[];[]
100;[98, 96, 101, 103, 99, 104, 106, 102, 97, 105];[];[]
101;[98, 96, 103, 99, 105, 104, 106, 102, 97, 100];[];[]
102;[98, 96, 101, 103, 99, 105, 104, 106, 97, 100];[];[]
103;[98, 96, 101, 99, 105, 104, 106, 102, 97, 100];[];[]
104;[98, 96, 101, 103, 99, 105, 106, 102, 97, 100];[];[]
105;[98, 96, 101, 103, 99, 104, 106, 102, 97, 100];[];[]
106;[98, 96, 101, 103, 99, 105, 104, 102, 97, 100];[];[]
107;[108];[];[]
108;[107];[];[]
109;[110, 111];[1010, 710, 1025, 1608, 1026, 1011, 1027, 1028, 1012, 1237, 1024, 1607, 1200, 1609, 704, 709];[1048, 1047, 703, 1049]
110;[109, 111, 1200, 1237];[1010, 1012, 710, 1025, 1024, 1607, 1608, 1026, 1011, 1027, 1028, 1609, 704, 709];[1048, 1047, 703, 1049]
111;[1010, 710, 1025, 1608, 109, 1026, 1011, 1027, 1028, 110, 1012, 1024, 1237, 1607, 1200, 1609, 704, 709];[1048, 1047, 703, 1049];[]
112;[341, 339, 1037, 851, 852, 1036, 113, 338, 340];[836, 282, 761, 1391, 813, 1393, 250, 638, 762, 209, 249, 422, 342, 280, 1392, 423, 1141, 822, 281, 1140, 208, 763, 515, 1142];[206]
113;[1391, 813, 250, 762, 338, 341, 340, 209, 342, 1392, 851, 852, 822, 1140, 208, 763, 515, 1142, 836, 282, 761, 112, 1393, 339, 1037, 638, 1036, 249, 422, 280, 423, 1141, 281];[206];[207, 576, 441, 1336, 577, 861]
114;[116, 119, 120, 117, 118, 115];[];[]
115;[116, 119, 120, 117, 114, 118];[];[]
116;[119, 120, 117, 114, 118, 115];[];[]
117;[116, 119, 120, 115, 114, 118];[];[]
118;[116, 119, 117, 114, 120, 115];[];[]
119;[116, 120, 117, 114, 118, 115];[];[]
120;[116, 119, 117, 114, 118, 115];[];[]
121;[122];[];[]
122;[121];[];[]
123;[1033, 186, 1032, 124, 1031];[];[]
124;[1033, 186, 1032, 123, 1031];[];[]
125;[128, 127, 337, 126, 129];[892, 331, 833, 1629, 832, 1221, 1326, 1628, 831, 1327, 1284, 1325];[1238, 1218, 1219, 330, 1222, 1215, 1223, 232, 1216, 1217, 1220]
126;[128, 129, 127, 125];[832, 337, 831, 833];[1238, 1284, 892, 331, 1629, 1221, 1628, 232, 1327, 1326, 1325]
127;[128, 129, 125, 126];[832, 337, 831, 833];[1238, 1284, 892, 331, 1629, 1221, 1628, 232, 1327, 1326, 1325]
128;[126, 337, 129, 125, 833, 127, 832, 831];[1238, 1284, 892, 331, 1629, 1221, 1628, 232, 1327, 1326, 1325];[1218, 1219, 330, 231, 516, 1243, 1222, 1215, 1223, 1216, 1217, 1220]
129;[128, 127, 125, 126];[832, 337, 831, 833];[1238, 1284, 892, 331, 1629, 1221, 1628, 232, 1327, 1326, 1325]
130;[131, 134, 132, 136, 133, 1070, 1071, 135];[318, 1558, 1559, 315, 1030, 319, 1286, 1491, 1260, 1262, 708, 1259, 317, 707, 1261, 316, 1492, 312, 1301, 1257, 1347, 313, 1258, 1287, 1076, 314, 1029];[]
131;[135, 130, 134, 132, 133, 136];[318, 1558, 1559, 315, 1030, 319, 1286, 1491, 708, 1260, 707, 1262, 317, 1259, 1261, 316, 1492, 1301, 312, 1070, 1347, 1257, 1071, 313, 1258, 1287, 1076, 314, 1029];[]
132;[135, 130, 131, 134, 136, 133];[1558, 1559, 1491, 1260, 1259, 317, 1261, 316, 1492, 1347, 1029, 318, 315, 1030, 319, 1286, 708, 1262, 707, 1301, 312, 1070, 1257, 1071, 313, 1258, 1287, 1076, 314];[]
133;[318, 1558, 1559, 315, 1030, 136, 319, 1286, 1491, 708, 707, 317, 316, 1492, 134, 131, 130, 312, 132, 1070, 1071, 313, 1287, 1076, 135, 314, 1029];[1261, 1258, 1347, 1260, 1262, 1301, 1259, 1257];[]
134;[131, 130, 1558, 1559, 132, 136, 133, 1070, 1071, 135];[318, 315, 1030, 319, 1286, 1491, 1260, 1262, 708, 1259, 707, 317, 1261, 316, 1492, 312, 1301, 1257, 1347, 313, 1258, 1287, 1076, 314, 1029];[]
135;[131, 130, 134, 1301, 132, 136, 133, 1347];[318, 1558, 1559, 315, 1030, 319, 1286, 1491, 1260, 1262, 708, 1259, 317, 707, 1261, 316, 1492, 312, 1070, 1257, 1071, 313, 1258, 1287, 1076, 314, 1029];[]
136;[131, 130, 134, 132, 133, 1257, 1258, 1260, 1262, 1259, 135, 1261];[318, 1558, 1559, 315, 1030, 319, 1286, 1491, 708, 707, 317, 316, 1492, 312, 1301, 1070, 1347, 1071, 313, 1287, 1076, 314, 1029];[]
137;[138];[];[]
138;[137];[];[]
139;[140];[];[]
140;[139];[];[]
141;[1127, 158, 142, 1167, 84];[156, 261, 85, 260, 259, 157, 155, 1630, 1128, 1123, 1125, 1124, 1126, 159];[1329, 1090, 1094, 1006, 1599, 918, 1678, 1331, 1579, 1092, 1091, 1677, 1581, 1093, 1676, 1580, 1095, 1577, 1096, 1578, 945, 1330, 1582, 1328]
142;[141];[1167, 1127, 158, 84];[156, 261, 85, 260, 259, 157, 155, 1630, 1128, 1123, 1125, 1124, 1126, 159]
143;[1264, 1263, 144];[];[]
144;[143];[1264, 1263];[]
145;[146];[];[]
146;[145];[];[]
147;[148];[];[]
148;[147];[];[]
149;[150];[];[]
150;[149];[];[]
151;[152];[];[]
152;[151];[];[]
153;[154];[];[]
154;[153];[];[]
155;[156, 158, 157, 159];[1127, 1329, 141, 261, 260, 259, 84, 1331, 1167, 1330, 1328];[1630, 1128, 1123, 1125, 1124, 1126, 85, 142]
156;[158, 157, 155, 159];[1127, 1329, 141, 261, 260, 259, 84, 1331, 1167, 1330, 1328];[1630, 1128, 1123, 1125, 1124, 1126, 85, 142]
157;[158, 155, 156, 261, 260, 259, 159];[1127, 1329, 141, 84, 1331, 1167, 1330, 1328];[1630, 1128, 1123, 1125, 1124, 1126, 85, 142]
158;[1127, 141, 156, 261, 260, 259, 84, 157, 155, 1167, 159];[1329, 85, 142, 1331, 1630, 1128, 1123, 1125, 1330, 1124, 1126, 1328];[1090, 1094, 1006, 1599, 918, 1678, 1579, 1092, 1091, 1677, 1581, 1093, 1676, 1580, 1095, 1577, 1096, 1578, 945, 1582]
159;[158, 1329, 156, 261, 260, 259, 157, 155, 1331, 1330, 1328];[1167, 1127, 141, 84];[1630, 1128, 1123, 1125, 1124, 1126, 85, 142]
160;[161];[];[]
161;[160];[];[]
162;[166, 163, 165, 164, 193, 167, 194];[1079, 1297, 334, 335, 1585, 513, 1298, 547, 336, 346, 593, 347, 345, 530, 594, 343, 1583, 514, 1501, 1448, 1450, 1449, 1451, 1584, 512, 1452, 1294, 1302, 1295, 344, 1251, 1296];[1009, 1272, 529, 1273, 1396, 1271, 1252, 1250, 806]
163;[164, 1079, 194, 1297, 334, 335, 1585, 513, 1298, 547, 336, 346, 593, 347, 345, 530, 162, 193, 594, 343, 1583, 514, 166, 1448, 1501, 165, 1450, 167, 1449, 1451, 1584, 512, 1452, 1294, 1302, 1295, 344, 1251, 1296];[1009, 1272, 529, 1273, 1396, 1271, 1252, 1250, 806];[]
164;[166, 163, 162, 165, 167];[1079, 194, 1297, 334, 335, 1585, 513, 1298, 547, 336, 346, 593, 347, 345, 530, 193, 594, 343, 1583, 514, 1501, 1448, 1450, 1449, 1451, 1584, 512, 1452, 1294, 1302, 1295, 344, 1251, 1296];[1009, 1272, 529, 1273, 1396, 1271, 1252, 1250, 806]
165;[166, 163, 162, 164, 167];[1079, 194, 1297, 334, 335, 1585, 513, 1298, 547, 336, 346, 593, 347, 345, 530, 193, 594, 343, 1583, 514, 1501, 1448, 1450, 1449, 1451, 1584, 512, 1452, 1294, 1302, 1295, 344, 1251, 1296];[1009, 1272, 529, 1273, 1396, 1271, 1252, 1250, 806]
166;[165, 163, 162, 164, 167];[1079, 194, 1297, 334, 335, 1585, 513, 1298, 547, 336, 346, 593, 347, 345, 530, 193, 594, 343, 1583, 514, 1501, 1448, 1450, 1449, 1451, 1584, 512, 1452, 1294, 1302, 1295, 344, 1251, 1296];[1009, 1272, 529, 1273, 1396, 1271, 1252, 1250, 806]
167;[166, 165, 163, 162, 164];[1079, 194, 1297, 334, 335, 1585, 513, 1298, 547, 336, 346, 593, 347, 345, 530, 193, 594, 343, 1583, 514, 1501, 1448, 1450, 1449, 1451, 1584, 512, 1452, 1294, 1302, 1295, 344, 1251, 1296];[1009, 1272, 529, 1273, 1396, 1271, 1252, 1250, 806]
168;[169];[];[]
169;[168];[];[]
170;[171];[];[]
171;[170];[];[]
172;[173];[];[]
173;[172];[];[]
174;[175];[600, 599, 216, 601, 215];[948, 949]
175;[215, 599, 174, 600, 601, 216];[948, 949];[]
176;[177];[];[]
177;[176];[];[]
178;[179];[];[]
179;[178];[];[]
180;[181];[];[]
181;[180];[];[]
182;[183];[];[]
183;[182];[];[]
184;[185];[];[]
185;[184];[];[]
186;[123, 124];[1033, 1032, 1031];[]
187;[188];[];[]
188;[187];[];[]
189;[190];[];[]
190;[189];[];[]
191;[192];[];[]
192;[191];[];[]
193;[162, 163, 194];[164, 1079, 1297, 334, 335, 1585, 513, 1298, 547, 336, 346, 593, 347, 345, 530, 594, 343, 1583, 514, 166, 1448, 1501, 165, 1450, 167, 1449, 1451, 1584, 512, 1452, 1294, 1302, 1295, 344, 1251, 1296];[1009, 1272, 529, 1273, 1396, 1271, 1252, 1250, 806]
194;[162, 193, 163];[164, 1079, 1297, 334, 335, 1585, 513, 1298, 547, 336, 346, 593, 347, 345, 530, 594, 343, 1583, 514, 166, 1448, 1501, 165, 1450, 167, 1449, 1451, 1584, 512, 1452, 1294, 1302, 1295, 344, 1251, 1296];[1009, 1272, 529, 1273, 1396, 1271, 1252, 1250, 806]
195;[196];[];[]
196;[195];[];[]
197;[198];[];[]
198;[197];[];[]
199;[200];[];[]
200;[199];[];[]
201;[202];[];[]
202;[201];[];[]
203;[204];[205];[]
204;[205, 203];[];[]
205;[204];[203];[]
206;[207, 576, 441, 1336, 577, 861, 209];[440, 210, 1038, 443, 365, 214, 442, 364, 878, 818, 213, 363, 876, 212, 592, 877, 113, 208, 1708, 211];[1391, 813, 250, 762, 338, 340, 341, 342, 1392, 851, 852, 822, 1140, 763, 515, 1142, 836, 282, 761, 112, 819, 1393, 339, 1037, 638, 1036, 249, 422, 280, 423, 1141, 281]
207;[210, 365, 206, 214, 364, 861, 878, 818, 213, 363, 876, 212, 592, 877, 1336, 1708, 211];[576, 441, 577, 819, 209];[440, 442, 113, 208, 1038, 443]
208;[113, 209];[836, 282, 761, 112, 1391, 813, 1393, 339, 1037, 250, 638, 1036, 206, 762, 338, 341, 340, 249, 422, 342, 280, 1392, 423, 1141, 851, 852, 822, 281, 1140, 763, 515, 1142];[207, 576, 441, 1336, 577, 861]
209;[206, 113, 208];[1391, 813, 250, 762, 861, 338, 341, 340, 342, 1392, 851, 852, 822, 1140, 763, 515, 1142, 836, 282, 207, 761, 112, 441, 1393, 339, 1037, 638, 1036, 249, 422, 576, 280, 423, 1141, 1336, 281, 577];[440, 210, 1038, 443, 365, 214, 442, 364, 878, 818, 213, 363, 876, 212, 592, 877, 1708, 211]
210;[212, 207, 214, 213, 211];[878, 818, 363, 365, 876, 206, 592, 877, 1336, 364, 1708, 861];[576, 441, 577, 819, 209]
211;[210, 207, 213, 363, 365, 212, 214, 364];[878, 818, 876, 206, 592, 877, 1336, 1708, 861];[576, 441, 577, 819, 209]
212;[207, 210, 592, 214, 213, 211];[878, 818, 363, 365, 876, 206, 877, 1336, 364, 1708, 861];[576, 441, 577, 819, 209]
213;[212, 207, 210, 592, 214, 211];[878, 818, 363, 365, 876, 206, 877, 1336, 364, 1708, 861];[576, 441, 577, 819, 209]
214;[212, 207, 210, 592, 213, 211];[878, 818, 363, 365, 876, 206, 877, 1336, 364, 1708, 861];[576, 441, 577, 819, 209]
215;[216, 175];[601, 174, 599, 600];[948, 949]
216;[215, 175];[601, 174, 599, 600];[948, 949]
217;[218];[];[]
218;[217];[];[]
219;[220];[];[]
220;[219];[];[]
221;[222];[];[]
222;[221];[];[]
223;[224];[];[]
224;[223];[];[]
225;[226];[];[]
226;[225];[];[]
227;[228];[];[]
228;[227];[];[]
229;[230];[];[]
230;[229];[];[]
231;[516, 945, 1243, 232, 944];[1091, 1238, 1090, 1094, 1093, 85, 1095, 1096, 831, 1092];[128, 337, 892, 331, 84, 833, 1629, 832, 1630, 1628, 1284]
232;[1238, 516, 231, 831, 1243];[128, 337, 892, 331, 833, 1629, 832, 945, 1628, 1284, 944];[1091, 1090, 126, 1094, 1093, 330, 1092, 129, 85, 125, 1095, 127, 1221, 1096, 1327, 1326, 1325]
233;[234];[];[]
234;[233];[];[]
235;[236];[];[]
236;[235];[];[]
237;[238];[];[]
238;[237];[];[]
239;[240];[];[]
240;[239];[];[]
241;[242];[];[]
242;[241];[];[]
243;[244];[];[]
244;[243];[];[]
245;[246];[];[]
246;[245];[];[]
247;[248];[];[]
248;[247];[];[]
249;[250, 113];[836, 282, 761, 112, 1391, 813, 1393, 339, 1037, 638, 1036, 762, 338, 341, 340, 209, 422, 342, 280, 1392, 423, 1141, 851, 852, 822, 281, 1140, 208, 763, 515, 1142];[206]
250;[113, 249];[836, 282, 761, 112, 1391, 813, 1393, 339, 1037, 638, 1036, 762, 338, 341, 340, 209, 422, 342, 280, 1392, 423, 1141, 851, 852, 822, 281, 1140, 208, 763, 515, 1142];[206]
251;[252];[];[]
252;[251];[];[]
253;[254];[];[]
254;[253];[];[]
255;[256];[];[]
256;[255];[];[]
257;[258];[];[]
258;[257];[];[]
259;[158, 157, 261, 260, 159];[1127, 1329, 141, 156, 84, 155, 1331, 1167, 1330, 1328];[1630, 1128, 1123, 1125, 1124, 1126, 85, 142]
260;[158, 157, 261, 259, 159];[1127, 1329, 141, 156, 84, 155, 1331, 1167, 1330, 1328];[1630, 1128, 1123, 1125, 1124, 1126, 85, 142]
261;[158, 157, 260, 259, 159];[1127, 1329, 141, 156, 84, 155, 1331, 1167, 1330, 1328];[1630, 1128, 1123, 1125, 1124, 1126, 85, 142]
262;[263];[];[]
263;[262];[];[]
264;[265];[];[]
265;[264];[];[]
266;[1606, 630, 1605, 631, 672, 837, 923, 267, 633, 838, 671, 632];[1311];[]
267;[266];[1606, 630, 1605, 631, 672, 837, 923, 838, 633, 671, 632];[1311]
268;[269];[];[]
269;[268];[];[]
270;[271];[];[]
271;[270];[];[]
272;[273];[];[]
273;[272];[];[]
274;[275];[];[]
275;[274];[];[]
276;[277];[];[]
277;[276];[];[]
278;[279];[];[]
279;[278];[];[]
280;[281, 113];[1391, 813, 250, 762, 338, 341, 340, 209, 342, 1392, 851, 852, 822, 1140, 208, 763, 515, 1142, 836, 282, 761, 112, 1393, 339, 1037, 638, 1036, 249, 422, 423, 1141];[206]
281;[282, 280, 113];[836, 761, 112, 1391, 813, 1393, 339, 1037, 250, 638, 1036, 762, 338, 341, 340, 209, 249, 422, 342, 423, 1392, 1141, 851, 852, 822, 1140, 208, 763, 515, 1142];[206]
282;[281, 113];[1391, 813, 250, 762, 338, 341, 340, 209, 342, 1392, 851, 852, 822, 1140, 208, 763, 515, 1142, 836, 761, 112, 1393, 339, 1037, 638, 1036, 249, 422, 280, 423, 1141];[206]
283;[284];[];[]
284;[283];[];[]
285;[286];[];[]
286;[285];[];[]
287;[289, 288];[1352, 1574, 1353, 1663, 354, 355];[1573, 1592, 1604, 1514]
288;[287, 1353, 354, 289, 355, 1352];[1574, 1663];[1573, 1592, 1604, 1514]
289;[288, 1352, 1574, 1353, 354, 1663, 287, 355];[1573, 1592, 1604, 1514];[1515]
290;[291];[];[]
291;[290];[];[]
292;[293];[];[]
293;[292];[];[]
294;[295];[767];[]
295;[294, 767];[];[]
296;[297];[];[]
297;[296];[];[]
298;[299];[];[]
299;[298];[];[]
300;[301];[];[]
301;[300];[];[]
302;[303];[];[]
303;[302];[];[]
304;[305];[];[]
305;[304];[];[]
306;[307];[];[]
307;[306];[];[]
308;[309];[];[]
309;[308];[];[]
310;[311];[];[]
311;[310];[];[]
312;[318, 316, 315, 133, 319, 313, 317, 314];[1558, 1030, 1559, 136, 1286, 1491, 708, 707, 131, 1492, 134, 130, 132, 1070, 1071, 1287, 1076, 135, 1029];[1261, 1258, 1347, 1260, 1262, 1301, 1259, 1257]
313;[318, 315, 1030, 133, 319, 1286, 1491, 708, 707, 317, 316, 1492, 312, 1287, 1076, 314, 1029];[131, 1558, 134, 1559, 130, 136, 132, 1070, 1071, 135];[1261, 1258, 1347, 1260, 1262, 1301, 1259, 1257]
314;[318, 316, 315, 312, 1030, 133, 319, 313, 317, 1029];[1558, 1559, 136, 1286, 1491, 708, 707, 131, 1492, 134, 130, 132, 1070, 1071, 1287, 1076, 135];[1261, 1258, 1347, 1260, 1262, 1301, 1259, 1257]
315;[318, 316, 312, 1030, 133, 319, 313, 317, 314, 1029];[1558, 1559, 136, 1286, 1491, 708, 707, 131, 1492, 134, 130, 132, 1070, 1071, 1287, 1076, 135];[1261, 1258, 1347, 1260, 1262, 1301, 1259, 1257]
316;[318, 315, 312, 1030, 133, 319, 313, 317, 314, 1029];[1558, 1559, 136, 1286, 1491, 708, 707, 131, 1492, 134, 130, 132, 1070, 1071, 1287, 1076, 135];[1261, 1258, 1347, 1260, 1262, 1301, 1259, 1257]
317;[318, 316, 315, 312, 1030, 133, 319, 1286, 313, 1287, 314, 1029];[1558, 1559, 136, 1491, 708, 707, 131, 1492, 134, 130, 132, 1070, 1071, 1076, 135];[1261, 1258, 1347, 1260, 1262, 1301, 1259, 1257]
318;[316, 315, 312, 133, 319, 313, 317, 314];[1558, 1030, 1559, 136, 1286, 1491, 708, 707, 131, 1492, 134, 130, 132, 1070, 1071, 1287, 1076, 135, 1029];[1261, 1258, 1347, 1260, 1262, 1301, 1259, 1257]
319;[318, 316, 315, 312, 1030, 133, 313, 317, 314, 1029];[1558, 1559, 136, 1286, 1491, 708, 707, 131, 1492, 134, 130, 132, 1070, 1071, 1287, 1076, 135];[1261, 1258, 1347, 1260, 1262, 1301, 1259, 1257]
320;[321, 322];[];[]
321;[322, 320];[];[]
322;[321, 320];[];[]
323;[324];[];[]
324;[323];[];[]
325;[328, 327, 326, 329];[695, 543, 544, 697, 570, 699, 694, 698, 700, 696];[689, 690, 1319, 1384, 691, 1386, 1363, 1318, 692, 1112, 1113, 1362, 849, 1385, 1387, 1388, 693, 850]
326;[328, 327, 325, 329];[695, 543, 544, 697, 570, 699, 694, 698, 700, 696];[689, 690, 1319, 1384, 691, 1386, 1363, 1318, 692, 1112, 1113, 1362, 849, 1385, 1387, 1388, 693, 850]
327;[328, 325, 326, 329];[695, 543, 544, 697, 570, 699, 694, 698, 700, 696];[689, 690, 1319, 1384, 691, 1386, 1363, 1318, 692, 1112, 1113, 1362, 849, 1385, 1387, 1388, 693, 850]
328;[327, 325, 326, 329];[695, 543, 544, 697, 570, 699, 694, 698, 700, 696];[689, 690, 1319, 1384, 691, 1386, 1363, 1318, 692, 1112, 1113, 1362, 849, 1385, 1387, 1388, 693, 850]
329;[695, 543, 328, 544, 697, 326, 570, 698, 699, 694, 327, 325, 700, 696];[689, 690, 1319, 1384, 691, 1386, 1363, 1318, 692, 1112, 1113, 1362, 849, 1385, 1387, 1388, 693, 850];[848]
330;[331];[831, 337, 892];[128, 1238, 125, 833, 832, 1325, 1284, 1326, 1629, 1221, 232, 1327, 1628]
331;[831, 337, 892, 330];[128, 1238, 125, 833, 832, 1325, 1284, 1326, 1629, 1221, 232, 1327, 1628];[126, 1218, 1219, 516, 231, 129, 1243, 1222, 1215, 127, 1223, 1216, 1217, 1220]
332;[333];[];[]
333;[332];[];[]
334;[336, 593, 512, 163, 514, 335, 806, 513, 594, 547];[343, 1583, 164, 1079, 194, 166, 1448, 1501, 1297, 165, 1585, 1450, 1298, 167, 1449, 1451, 346, 1584, 1452, 347, 1294, 1302, 345, 530, 1295, 162, 344, 1251, 193, 1296];[1271, 1009, 1272, 1252, 1250, 529, 1273, 1396]
335;[336, 163, 334];[164, 1079, 194, 1297, 1585, 513, 1298, 547, 346, 593, 347, 345, 530, 162, 193, 594, 343, 1583, 514, 166, 1448, 1501, 165, 1450, 167, 1449, 1451, 1584, 512, 1452, 1294, 1302, 1295, 344, 806, 1251, 1296];[1271, 1009, 1272, 1252, 1250, 529, 1273, 1396]
336;[335, 512, 163, 334, 514, 513];[164, 1079, 194, 1297, 1585, 1298, 547, 346, 593, 347, 345, 530, 162, 193, 594, 343, 1583, 166, 1448, 1501, 165, 1450, 167, 1449, 1451, 1584, 1452, 1294, 1302, 1295, 344, 806, 1251, 1296];[1271, 1009, 1272, 1252, 1250, 529, 1273, 1396]
337;[128, 892, 331, 125, 833, 1629, 832, 1326, 1221, 1327, 1628, 831, 1325, 1284];[1238, 126, 1218, 1219, 330, 129, 1222, 1215, 127, 1223, 232, 1216, 1217, 1220];[516, 231, 1516, 766, 1243]
338;[340, 112, 339, 113, 341];[1391, 813, 250, 762, 209, 342, 1392, 851, 852, 822, 1140, 208, 763, 515, 1142, 836, 282, 761, 1393, 1037, 638, 1036, 249, 422, 280, 423, 1141, 281];[206]
339;[112, 341, 113, 338, 340];[1391, 813, 250, 762, 209, 342, 1392, 851, 852, 822, 1140, 208, 763, 515, 1142, 836, 282, 761, 1393, 1037, 638, 1036, 249, 422, 280, 423, 1141, 281];[206]
340;[112, 341, 113, 338, 339];[1391, 813, 250, 762, 209, 342, 1392, 851, 852, 822, 1140, 208, 763, 515, 1142, 836, 282, 761, 1393, 1037, 638, 1036, 249, 422, 280, 423, 1141, 281];[206]
341;[340, 112, 113, 338, 339];[1391, 813, 250, 762, 209, 342, 1392, 851, 852, 822, 1140, 208, 763, 515, 1142, 836, 282, 761, 1393, 1037, 638, 1036, 249, 422, 280, 423, 1141, 281];[206]
342;[113];[1391, 813, 250, 762, 338, 341, 340, 209, 1392, 851, 852, 822, 1140, 208, 763, 515, 1142, 836, 282, 761, 112, 1393, 339, 1037, 638, 1036, 249, 422, 280, 423, 1141, 281];[206]
343;[346, 345, 163, 344, 347];[164, 1079, 194, 1297, 334, 335, 1585, 513, 1298, 547, 336, 593, 530, 162, 193, 594, 1583, 514, 166, 1448, 1501, 165, 1450, 167, 1449, 1451, 1584, 512, 1452, 1294, 1302, 1295, 1251, 1296];[1009, 1272, 529, 1273, 1396, 1271, 1252, 1250, 806]
344;[343, 346, 345, 163, 347];[164, 1079, 194, 1297, 334, 335, 1585, 513, 1298, 547, 336, 593, 530, 162, 193, 594, 1583, 514, 166, 1448, 1501, 165, 1450, 167, 1449, 1451, 1584, 512, 1452, 1294, 1302, 1295, 1251, 1296];[1009, 1272, 529, 1273, 1396, 1271, 1252, 1250, 806]
345;[343, 346, 163, 344, 347];[164, 1079, 194, 1297, 334, 335, 1585, 513, 1298, 547, 336, 593, 530, 162, 193, 594, 1583, 514, 166, 1448, 1501, 165, 1450, 167, 1449, 1451, 1584, 512, 1452, 1294, 1302, 1295, 1251, 1296];[1009, 1272, 529, 1273, 1396, 1271, 1252, 1250, 806]
346;[343, 345, 163, 344, 347];[164, 1079, 194, 1297, 334, 335, 1585, 513, 1298, 547, 336, 593, 530, 162, 193, 594, 1583, 514, 166, 1448, 1501, 165, 1450, 167, 1449, 1451, 1584, 512, 1452, 1294, 1302, 1295, 1251, 1296];[1009, 1272, 529, 1273, 1396, 1271, 1252, 1250, 806]
347;[343, 346, 345, 163, 344];[164, 1079, 194, 1297, 334, 335, 1585, 513, 1298, 547, 336, 593, 530, 162, 193, 594, 1583, 514, 166, 1448, 1501, 165, 1450, 167, 1449, 1451, 1584, 512, 1452, 1294, 1302, 1295, 1251, 1296];[1009, 1272, 529, 1273, 1396, 1271, 1252, 1250, 806]
348;[349];[];[]
349;[348];[];[]
350;[351];[];[]
351;[350];[];[]
352;[353];[];[]
353;[352];[];[]
354;[289, 355, 288];[1574, 1353, 1663, 287, 1352];[1573, 1592, 1604, 1514]
355;[289, 354, 288];[1574, 1353, 1663, 287, 1352];[1573, 1592, 1604, 1514]
356;[357, 358];[];[]
357;[356, 358];[];[]
358;[356, 357];[];[]
359;[360];[];[]
360;[359];[];[]
361;[362];[];[]
362;[361];[];[]
363;[207, 364, 365, 211];[210, 878, 818, 213, 876, 206, 212, 214, 592, 877, 1336, 1708, 861];[576, 441, 577, 819, 209]
364;[207, 878, 363, 365, 876, 592, 877, 211];[210, 818, 213, 206, 212, 214, 1336, 1708, 861];[576, 441, 577, 819, 209]
365;[207, 364, 363, 211];[210, 878, 818, 213, 876, 206, 212, 214, 592, 877, 1336, 1708, 861];[576, 441, 577, 819, 209]
366;[368, 367];[];[]
367;[366, 368];[];[]
368;[366, 367];[];[]
369;[370];[];[]
370;[369];[];[]
371;[372];[];[]
372;[371];[];[]
373;[374];[];[]
374;[373];[];[]
375;[376];[];[]
376;[375];[];[]
377;[378];[];[]
378;[377];[];[]
379;[380];[];[]
380;[379];[];[]
381;[382];[];[]
382;[381];[];[]
383;[1051, 384, 385, 437];[1034, 642, 641, 1050, 1482, 1035, 1697];[1151, 1152, 432]
384;[383, 1051, 642, 641, 1050, 385, 437];[1034, 1151, 1152, 1482, 1035, 1697, 432];[523, 1372, 1588, 574, 1373, 431, 575, 430, 881, 1589, 573]
385;[383, 1051, 1034, 1482, 384, 1035, 1697, 437];[642, 641, 1050];[1151, 1152, 432]
386;[387];[];[]
387;[386];[];[]
388;[389];[];[]
389;[388];[];[]
390;[391];[];[]
391;[390];[];[]
392;[1542, 393];[];[]
393;[392];[1542];[]
394;[395];[];[]
395;[394];[];[]
396;[397];[];[]
397;[396];[];[]
398;[399];[];[]
399;[398];[];[]
400;[405, 401, 403, 404, 402];[];[]
401;[405, 400, 403, 404, 402];[];[]
402;[405, 400, 401, 403, 404];[];[]
403;[405, 400, 401, 404, 402];[];[]
404;[405, 400, 401, 403, 402];[];[]
405;[400, 401, 403, 404, 402];[];[]
406;[407];[];[]
407;[406];[];[]
408;[409];[];[]
409;[408];[];[]
410;[411];[];[]
411;[410];[];[]
412;[413];[];[]
413;[412];[];[]
414;[415];[];[]
415;[414];[];[]
416;[417];[];[]
417;[416];[];[]
418;[419];[];[]
419;[418];[];[]
420;[421];[];[]
421;[420];[];[]
422;[423, 113];[836, 282, 761, 112, 1391, 813, 1393, 339, 1037, 250, 638, 1036, 762, 338, 341, 340, 209, 249, 342, 280, 1392, 1141, 851, 852, 822, 281, 1140, 208, 763, 515, 1142];[206]
423;[422, 113];[836, 282, 761, 112, 1391, 813, 1393, 339, 1037, 250, 638, 1036, 762, 338, 341, 340, 209, 249, 342, 280, 1392, 1141, 851, 852, 822, 281, 1140, 208, 763, 515, 1142];[206]
424;[425];[];[]
425;[424];[];[]
426;[427];[];[]
427;[426];[];[]
428;[429];[];[]
429;[428];[];[]
430;[523, 431, 432];[642, 1152, 1372, 1588, 574, 1373, 1151, 575, 881, 1589, 573];[384, 641]
431;[430, 432];[523, 642, 1152, 1589, 1372, 1588, 574, 1151, 575, 881, 1373, 573];[384, 641]
432;[523, 642, 1152, 1589, 1372, 1588, 574, 881, 431, 1151, 575, 430, 573, 1373];[384, 641];[383, 1051, 1050, 385, 437]
433;[434];[];[]
434;[433];[];[]
435;[436];[];[]
436;[435];[];[]
437;[383, 384, 385];[1051, 1034, 642, 1482, 641, 1050, 1035, 1697];[1151, 1152, 432]
438;[439];[];[]
439;[438];[];[]
440;[442, 443, 441];[577, 206, 1038, 576];[207, 1336, 861, 209]
441;[440, 206, 442, 576, 577, 1038, 443];[207, 1336, 861, 209];[210, 878, 818, 213, 363, 365, 876, 212, 592, 214, 877, 113, 208, 364, 1708, 211]
442;[440, 443, 441];[577, 206, 1038, 576];[207, 1336, 861, 209]
443;[440, 442, 441];[577, 206, 1038, 576];[207, 1336, 861, 209]
444;[445];[];[]
445;[444];[];[]
446;[447];[];[]
447;[446];[];[]
448;[449];[];[]
449;[448];[];[]
450;[451];[];[]
451;[450];[];[]
452;[453];[];[]
453;[452];[];[]
454;[455];[];[]
455;[454];[];[]
456;[457];[];[]
457;[456];[];[]
458;[459];[];[]
459;[458];[];[]
460;[461];[];[]
461;[460];[];[]
462;[463];[];[]
463;[462];[];[]
464;[465];[];[]
465;[464];[];[]
466;[467];[];[]
467;[466];[];[]
468;[469];[];[]
469;[468];[];[]
470;[471];[];[]
471;[470];[];[]
472;[473];[];[]
473;[472];[];[]
474;[883, 475];[1493, 1495, 1494, 1496];[]
475;[883, 474];[1493, 1495, 1494, 1496];[]
476;[477];[];[]
477;[476];[];[]
478;[479];[];[]
479;[478];[];[]
480;[481];[];[]
481;[480];[];[]
482;[483];[];[]
483;[482];[];[]
484;[485];[];[]
485;[484];[];[]
486;[487];[];[]
487;[486];[];[]
488;[489];[];[]
489;[488];[];[]
490;[491];[];[]
491;[490];[];[]
492;[493];[];[]
493;[492];[];[]
494;[495];[];[]
495;[494];[];[]
496;[497];[];[]
497;[496];[];[]
498;[499];[];[]
499;[498];[];[]
500;[501];[];[]
501;[500];[];[]
502;[503];[];[]
503;[502];[];[]
504;[505];[];[]
505;[504];[];[]
506;[507];[];[]
507;[506];[];[]
508;[509];[];[]
509;[508];[];[]
510;[511];[];[]
511;[510];[];[]
512;[336, 163, 334, 514, 513];[164, 1079, 194, 1297, 335, 1585, 1298, 547, 346, 593, 347, 345, 530, 162, 193, 594, 343, 1583, 166, 1448, 1501, 165, 1450, 167, 1449, 1451, 1584, 1452, 1294, 1302, 1295, 344, 806, 1251, 1296];[1271, 1009, 1272, 1252, 1250, 529, 1273, 1396]
513;[336, 593, 512, 163, 334, 514, 594];[164, 1079, 194, 1297, 335, 1585, 1298, 547, 346, 347, 345, 530, 162, 193, 343, 1583, 166, 1448, 1501, 165, 1450, 167, 1449, 1451, 1584, 1452, 1294, 1302, 1295, 344, 806, 1251, 1296];[1271, 1009, 1272, 1252, 1250, 529, 1273, 1396]
514;[336, 512, 163, 334, 513];[164, 1079, 194, 1297, 335, 1585, 1298, 547, 346, 593, 347, 345, 530, 162, 193, 594, 343, 1583, 166, 1448, 1501, 165, 1450, 167, 1449, 1451, 1584, 1452, 1294, 1302, 1295, 344, 806, 1251, 1296];[1271, 1009, 1272, 1252, 1250, 529, 1273, 1396]
515;[113];[1391, 813, 250, 762, 338, 341, 340, 209, 342, 1392, 851, 852, 822, 1140, 208, 763, 1142, 836, 282, 761, 112, 1393, 339, 1037, 638, 1036, 249, 422, 280, 423, 1141, 281];[206]
516;[231, 232];[1238, 945, 1243, 831, 944];[128, 1091, 1090, 1094, 1284, 1093, 337, 892, 85, 331, 1095, 833, 1629, 1096, 832, 1628, 1092]
517;[518];[];[]
518;[517];[];[]
519;[520];[];[]
520;[519];[];[]
521;[522];[];[]
522;[521];[];[]
523;[430, 432];[642, 1152, 1589, 1372, 1588, 574, 431, 1151, 575, 881, 1373, 573];[384, 641]
524;[525];[];[]
525;[524];[];[]
526;[528, 527];[1531, 1085, 1413, 1084, 1655, 1533, 847, 846, 1532, 1656];[954, 1595, 1596, 1434, 1594, 1593]
527;[1085, 1413, 1084, 1655, 847, 526, 846, 528, 1656];[1531, 1434, 1533, 1532];[954, 1595, 1596, 1594, 1593]
528;[1531, 1532, 526, 1533, 527];[954, 1413, 1655, 1084, 1594, 1593, 847, 1595, 846, 1596, 1085, 1656];[955, 957, 953, 1254, 1253, 1434, 952, 956]
529;[530];[1271, 1009, 1302, 1272, 163, 1251, 1273];[164, 1079, 194, 1297, 334, 1252, 335, 1250, 1585, 1298, 513, 547, 336, 346, 593, 347, 345, 162, 193, 594, 343, 1583, 514, 166, 1448, 1501, 165, 1450, 167, 1449, 1451, 1584, 512, 1452, 1396, 1294, 1295, 344, 1296]
530;[1009, 1272, 163, 529, 1273, 1271, 1302, 1251];[164, 1079, 194, 1297, 334, 1252, 335, 1250, 1585, 1298, 513, 547, 336, 346, 593, 347, 345, 162, 193, 594, 343, 1583, 514, 166, 1448, 1501, 165, 1450, 167, 1449, 1451, 1584, 512, 1452, 1396, 1294, 1295, 344, 1296];[806]
531;[532];[];[]
532;[531];[];[]
533;[534];[];[]
534;[533];[];[]
535;[536];[1285];[]
536;[535, 1285];[];[]
537;[538];[];[]
538;[537];[];[]
539;[540];[];[]
540;[539];[];[]
541;[542];[];[]
542;[541];[];[]
543;[1113, 1112, 544, 329];[695, 689, 697, 690, 1319, 326, 570, 1384, 698, 699, 691, 327, 700, 1386, 696, 1363, 1318, 692, 328, 325, 1362, 849, 1385, 694, 1387, 1388, 693, 850];[848]
544;[543, 329, 689, 690, 1319, 1384, 691, 1386, 1363, 1318, 692, 1112, 1113, 1362, 849, 1385, 1387, 1388, 693, 850];[695, 328, 327, 848, 697, 326, 570, 699, 694, 698, 325, 700, 696];[]
545;[546];[];[]
546;[545];[];[]
547;[163, 334];[164, 1079, 194, 1297, 335, 1585, 513, 1298, 336, 346, 593, 347, 345, 530, 162, 193, 594, 343, 1583, 514, 166, 1448, 1501, 165, 1450, 167, 1449, 1451, 1584, 512, 1452, 1294, 1302, 1295, 344, 806, 1251, 1296];[1271, 1009, 1272, 1252, 1250, 529, 1273, 1396]
548;[549];[];[]
549;[548];[];[]
550;[551, 552, 553];[787];[]
551;[552, 550, 553, 787];[];[]
552;[551, 550, 553];[787];[]
553;[551, 550, 552];[787];[]
554;[555];[];[]
555;[554];[];[]
556;[557];[];[]
557;[556];[];[]
558;[559];[];[]
559;[558];[];[]
560;[563, 561, 564, 562];[1340, 1339];[]
561;[563, 560, 564, 562];[1340, 1339];[]
562;[563, 560, 561, 564];[1340, 1339];[]
563;[560, 561, 564, 562];[1340, 1339];[]
564;[563, 560, 561, 1340, 1339, 562];[];[]
565;[566, 567];[];[]
566;[565, 567];[];[]
567;[566, 565];[];[]
568;[569];[];[]
569;[568];[];[]
570;[329];[695, 543, 328, 327, 544, 697, 326, 699, 694, 698, 325, 700, 696];[689, 690, 1319, 1384, 691, 1386, 1363, 1318, 692, 1112, 1113, 1362, 849, 1385, 1387, 1388, 693, 850]
571;[572];[];[]
572;[571];[];[]
573;[574, 432, 575];[523, 642, 1152, 1372, 1588, 1373, 431, 1151, 430, 881, 1589];[384, 641]
574;[575, 573, 1588, 1589, 432];[523, 642, 1152, 1372, 431, 1151, 430, 881, 1373];[384, 641]
575;[573, 574, 432];[523, 642, 1152, 1372, 1588, 1373, 431, 1151, 430, 881, 1589];[384, 641]
576;[577, 206, 441];[440, 207, 1038, 443, 442, 1336, 861, 209];[210, 878, 818, 213, 363, 365, 876, 212, 592, 214, 877, 113, 208, 364, 1708, 211]
577;[206, 1038, 576, 441];[440, 207, 442, 1336, 443, 861, 209];[210, 878, 818, 213, 363, 365, 876, 212, 592, 214, 877, 113, 208, 364, 1708, 211]
578;[579];[];[]
579;[578];[];[]
580;[581];[871, 882, 1054, 656, 1055, 870, 1562];[]
581;[656, 1054, 1562, 580, 871, 882, 1055, 870];[];[]
582;[583];[];[]
583;[582];[];[]
584;[585];[];[]
585;[584];[];[]
586;[587];[];[]
587;[586];[];[]
588;[589];[];[]
589;[588];[];[]
590;[591];[];[]
591;[590];[];[]
592;[207, 878, 213, 876, 212, 214, 877, 364];[210, 818, 363, 365, 206, 1336, 211, 1708, 861];[576, 441, 577, 819, 209]
593;[163, 513, 594, 334];[164, 1079, 194, 1297, 335, 1585, 1298, 547, 336, 346, 347, 345, 530, 162, 193, 343, 1583, 514, 166, 1448, 1501, 165, 1450, 167, 1449, 1451, 1584, 512, 1452, 1294, 1302, 1295, 344, 806, 1251, 1296];[1271, 1009, 1272, 1252, 1250, 529, 1273, 1396]
594;[593, 513, 163, 334];[164, 1079, 194, 1297, 335, 1585, 1298, 547, 336, 346, 347, 345, 530, 162, 193, 343, 1583, 514, 166, 1448, 1501, 165, 1450, 167, 1449, 1451, 1584, 512, 1452, 1294, 1302, 1295, 344, 806, 1251, 1296];[1271, 1009, 1272, 1252, 1250, 529, 1273, 1396]
595;[596];[];[]
596;[595];[];[]
597;[598];[];[]
598;[597];[];[]
599;[600, 601, 175];[215, 174, 949, 948, 216];[]
600;[599, 949, 601, 948, 175];[174, 216, 215];[]
601;[599, 175, 600];[215, 174, 949, 948, 216];[]
602;[603];[];[]
603;[602];[];[]
604;[605];[];[]
605;[604];[];[]
606;[607];[];[]
607;[606];[];[]
608;[609];[];[]
609;[608];[];[]
610;[611];[];[]
611;[610];[];[]
612;[613];[];[]
613;[612];[];[]
614;[615];[];[]
615;[614];[];[]
616;[617];[];[]
617;[616];[];[]
618;[619];[];[]
619;[618];[];[]
620;[621];[];[]
621;[620];[];[]
622;[623];[];[]
623;[622];[];[]
624;[625];[];[]
625;[624];[];[]
626;[627];[];[]
627;[626];[];[]
628;[629];[];[]
629;[628];[];[]
630;[633, 266, 631, 632];[1606, 1605, 672, 837, 923, 267, 838, 671];[1311]
631;[633, 266, 630, 632];[1606, 1605, 672, 837, 923, 267, 838, 671];[1311]
632;[633, 266, 631, 630];[1606, 1605, 672, 837, 923, 267, 838, 671];[1311]
633;[266, 631, 630, 632];[1606, 1605, 672, 837, 923, 267, 838, 671];[1311]
634;[635];[];[]
635;[634];[];[]
636;[637];[];[]
637;[636];[];[]
638;[113];[1391, 813, 250, 762, 338, 341, 340, 209, 342, 1392, 851, 852, 822, 1140, 208, 763, 515, 1142, 836, 282, 761, 112, 1393, 339, 1037, 1036, 249, 422, 280, 423, 1141, 281];[206]
639;[640];[];[]
640;[639];[];[]
641;[384, 642];[383, 1051, 1151, 1050, 1152, 432, 385, 437];[523, 1034, 1035, 1482, 1372, 1588, 574, 1373, 1697, 431, 575, 430, 881, 1589, 573]
642;[641, 1152, 1151, 384, 432];[383, 1372, 1588, 430, 881, 1373, 1589, 385, 523, 1051, 574, 431, 1050, 575, 573, 437];[1035, 1697, 1034, 1482]
643;[644, 645, 646, 647];[1317, 1313, 1315, 1690, 1312, 1316, 1314, 1689];[]
644;[1317, 1313, 1315, 645, 643, 1312, 1690, 1316, 647, 1314, 1689, 646];[];[]
645;[644, 646, 647, 643];[1317, 1313, 1315, 1690, 1312, 1316, 1314, 1689];[]
646;[644, 645, 647, 643];[1317, 1313, 1315, 1690, 1312, 1316, 1314, 1689];[]
647;[644, 645, 646, 643];[1317, 1313, 1315, 1690, 1312, 1316, 1314, 1689];[]
648;[649, 650, 651];[1441, 1440, 1641, 1439, 1640];[]
649;[1440, 1640, 648, 650, 651, 1441, 1439, 1641];[];[]
650;[648, 649, 651];[1441, 1440, 1641, 1439, 1640];[]
651;[648, 649, 650];[1441, 1440, 1641, 1439, 1640];[]
652;[653];[];[]
653;[652];[];[]
654;[655];[];[]
655;[654];[];[]
656;[581];[871, 882, 1054, 1055, 870, 1562, 580];[]
657;[658];[1320];[]
658;[657, 1320];[];[]
659;[660];[];[]
660;[659];[];[]
661;[662];[];[]
662;[661];[];[]
663;[664];[];[]
664;[663];[];[]
665;[666];[];[]
666;[665];[];[]
667;[668];[];[]
668;[667];[];[]
669;[670];[];[]
670;[669];[];[]
671;[266, 672, 923];[1606, 630, 1605, 631, 837, 1311, 267, 633, 838, 632];[]
672;[266, 671];[1606, 630, 1605, 631, 837, 923, 267, 633, 838, 632];[1311]
673;[674];[];[]
674;[673];[];[]
675;[676];[];[]
676;[675];[];[]
677;[678];[];[]
678;[677];[];[]
679;[680];[];[]
680;[679];[];[]
681;[682];[];[]
682;[681];[];[]
683;[684];[];[]
684;[683];[];[]
685;[686];[];[]
686;[685];[];[]
687;[688];[];[]
688;[687];[];[]
689;[692, 691, 544, 690, 693];[543, 1363, 1318, 329, 1112, 1319, 1113, 1384, 1362, 849, 1385, 1387, 1388, 1386, 850];[695, 328, 327, 848, 697, 326, 570, 699, 694, 698, 325, 700, 696]
690;[691, 692, 689, 544, 693];[543, 1363, 1318, 329, 1112, 1319, 1113, 1384, 1362, 849, 1385, 1387, 1388, 1386, 850];[695, 328, 327, 848, 697, 326, 570, 699, 694, 698, 325, 700, 696]
691;[692, 689, 544, 690, 693];[543, 1363, 1318, 329, 1112, 1319, 1113, 1384, 1362, 849, 1385, 1387, 1388, 1386, 850];[695, 328, 327, 848, 697, 326, 570, 699, 694, 698, 325, 700, 696]
692;[691, 689, 544, 690, 693];[543, 1363, 1318, 329, 1112, 1319, 1113, 1384, 1362, 849, 1385, 1387, 1388, 1386, 850];[695, 328, 327, 848, 697, 326, 570, 699, 694, 698, 325, 700, 696]
693;[691, 692, 689, 544, 690];[543, 1363, 1318, 329, 1112, 1319, 1113, 1384, 1362, 849, 1385, 1387, 1388, 1386, 850];[695, 328, 327, 848, 697, 326, 570, 699, 694, 698, 325, 700, 696]
694;[695, 698, 329, 699, 697, 700, 696];[543, 570, 327, 328, 544, 325, 326];[689, 690, 1319, 1384, 691, 1386, 1363, 1318, 692, 1112, 1113, 1362, 849, 1385, 1387, 1388, 693, 850]
695;[698, 329, 699, 694, 697, 700, 696];[543, 570, 327, 328, 544, 325, 326];[689, 690, 1319, 1384, 691, 1386, 1363, 1318, 692, 1112, 1113, 1362, 849, 1385, 1387, 1388, 693, 850]
696;[695, 698, 329, 699, 694, 697, 700];[543, 570, 327, 328, 544, 325, 326];[689, 690, 1319, 1384, 691, 1386, 1363, 1318, 692, 1112, 1113, 1362, 849, 1385, 1387, 1388, 693, 850]
697;[695, 329, 699, 694, 698, 700, 696];[543, 570, 327, 328, 544, 325, 326];[689, 690, 1319, 1384, 691, 1386, 1363, 1318, 692, 1112, 1113, 1362, 849, 1385, 1387, 1388, 693, 850]
698;[695, 329, 699, 694, 697, 700, 696];[543, 570, 327, 328, 544, 325, 326];[689, 690, 1319, 1384, 691, 1386, 1363, 1318, 692, 1112, 1113, 1362, 849, 1385, 1387, 1388, 693, 850]
699;[695, 698, 329, 694, 697, 700, 696];[543, 570, 327, 328, 544, 325, 326];[689, 690, 1319, 1384, 691, 1386, 1363, 1318, 692, 1112, 1113, 1362, 849, 1385, 1387, 1388, 693, 850]
700;[695, 698, 329, 699, 694, 697, 696];[543, 570, 327, 328, 544, 325, 326];[689, 690, 1319, 1384, 691, 1386, 1363, 1318, 692, 1112, 1113, 1362, 849, 1385, 1387, 1388, 693, 850]
701;[702];[];[]
702;[701];[];[]
703;[704];[710, 709, 111];[1010, 1012, 1608, 1025, 1237, 1024, 109, 1607, 1026, 1011, 1027, 1200, 1028, 110, 1609]
704;[703, 710, 709, 111];[1010, 1012, 1608, 1025, 1237, 1024, 109, 1607, 1026, 1011, 1027, 1200, 1028, 110, 1609];[1048, 1047, 1049]
705;[706];[];[]
706;[705];[];[]
707;[1491, 313, 1492, 708, 1076, 133];[1558, 1559, 136, 317, 316, 134, 1029, 318, 315, 1030, 319, 1286, 131, 130, 312, 132, 1070, 1071, 1287, 135, 314];[1261, 1258, 1347, 1260, 1262, 1301, 1259, 1257]
708;[707, 313, 133];[1558, 1559, 136, 1491, 317, 316, 1492, 134, 1029, 318, 315, 1030, 319, 1286, 131, 130, 312, 132, 1070, 1071, 1287, 1076, 135, 314];[1261, 1258, 1347, 1260, 1262, 1301, 1259, 1257]
709;[704, 710, 111];[1010, 1608, 1025, 109, 1026, 1011, 1027, 1028, 110, 1012, 1237, 1024, 1607, 703, 1200, 1609];[1048, 1047, 1049]
710;[704, 709, 111];[1010, 1608, 1025, 109, 1026, 1011, 1027, 1028, 110, 1012, 1237, 1024, 1607, 703, 1200, 1609];[1048, 1047, 1049]
711;[712];[];[]
712;[711];[];[]
713;[714];[];[]
714;[713];[];[]
715;[716];[];[]
716;[715];[];[]
717;[718];[];[]
718;[717];[];[]
719;[720];[];[]
720;[719];[];[]
721;[722];[];[]
722;[721];[];[]
723;[724];[];[]
724;[723];[];[]
725;[726];[];[]
726;[725];[];[]
727;[728];[];[]
728;[727];[];[]
729;[730];[];[]
730;[729];[];[]
731;[732];[];[]
732;[731];[];[]
733;[734];[];[]
734;[733];[];[]
735;[736];[];[]
736;[735];[];[]
737;[738];[];[]
738;[737];[];[]
739;[740];[];[]
740;[739];[];[]
741;[742];[];[]
742;[741];[];[]
743;[744];[];[]
744;[743];[];[]
745;[746];[];[]
746;[745];[];[]
747;[748];[];[]
748;[747];[];[]
749;[750];[];[]
750;[749];[];[]
751;[752];[];[]
752;[751];[];[]
753;[754];[];[]
754;[753];[];[]
755;[756];[];[]
756;[755];[];[]
757;[758];[];[]
758;[757];[];[]
759;[760];[];[]
760;[759];[];[]
761;[763, 762, 113];[836, 282, 112, 1391, 813, 1393, 339, 1037, 250, 638, 1036, 338, 341, 340, 209, 249, 422, 342, 280, 1392, 423, 1141, 851, 852, 822, 281, 1140, 208, 515, 1142];[206]
762;[761, 763, 113];[836, 282, 112, 1391, 813, 1393, 339, 1037, 250, 638, 1036, 338, 341, 340, 209, 249, 422, 342, 280, 1392, 423, 1141, 851, 852, 822, 281, 1140, 208, 515, 1142];[206]
763;[761, 762, 113];[836, 282, 112, 1391, 813, 1393, 339, 1037, 250, 638, 1036, 338, 341, 340, 209, 249, 422, 342, 280, 1392, 423, 1141, 851, 852, 822, 281, 1140, 208, 515, 1142];[206]
764;[766, 765];[1516, 1222];[1215, 1223, 1221, 1519, 1520, 1518, 1517]
765;[764, 766];[1516, 1222];[1215, 1223, 1221, 1519, 1520, 1518, 1517]
766;[764, 1516, 765, 1222];[1215, 1223, 1221, 1519, 1520, 1518, 1517];[337, 1218, 1219, 1327, 1216, 1217, 1326, 1220, 1325]
767;[295];[294];[]
768;[769, 770];[];[]
769;[768, 770];[];[]
770;[769, 768];[];[]
771;[772];[];[]
772;[771];[];[]
773;[774];[];[]
774;[773];[];[]
775;[776];[];[]
776;[775];[];[]
777;[778];[];[]
778;[777];[];[]
779;[780];[];[]
780;[779];[];[]
781;[782];[];[]
782;[781];[];[]
783;[784];[];[]
784;[783];[];[]
785;[786];[];[]
786;[785];[];[]
787;[551];[552, 550, 553];[]
788;[789];[];[]
789;[788];[];[]
790;[791];[];[]
791;[790];[];[]
792;[793];[];[]
793;[792];[];[]
794;[795];[];[]
795;[794];[];[]
796;[797];[];[]
797;[796];[];[]
798;[799];[];[]
799;[798];[];[]
800;[801];[];[]
801;[800];[];[]
802;[803];[];[]
803;[802];[];[]
804;[805];[];[]
805;[804];[];[]
806;[334];[336, 593, 163, 512, 514, 335, 513, 594, 547];[343, 1583, 164, 1079, 194, 166, 1448, 1501, 1297, 165, 1585, 1450, 1298, 167, 1449, 1451, 346, 1584, 1452, 347, 1294, 1302, 345, 530, 1295, 162, 344, 1251, 193, 1296]
807;[808];[];[]
808;[807];[];[]
809;[810];[];[]
810;[809];[];[]
811;[812];[];[]
812;[811];[];[]
813;[1140, 1141, 113, 1142];[836, 282, 761, 112, 1391, 1393, 339, 1037, 250, 638, 1036, 762, 338, 341, 340, 209, 249, 422, 342, 280, 1392, 423, 851, 852, 822, 281, 208, 763, 515];[206]
814;[815, 816, 817];[];[]
815;[814, 816, 817];[];[]
816;[814, 815, 817];[];[]
817;[814, 815, 816];[];[]
818;[207, 1708, 819];[210, 878, 213, 363, 365, 876, 206, 212, 214, 592, 877, 1336, 211, 364, 861];[577, 576, 441, 209]
819;[818];[207, 1708];[210, 878, 213, 363, 365, 876, 206, 212, 214, 592, 877, 1336, 211, 364, 861]
820;[821];[];[]
821;[820];[];[]
822;[113];[1391, 813, 250, 762, 338, 341, 340, 209, 342, 1392, 851, 852, 1140, 208, 763, 515, 1142, 836, 282, 761, 112, 1393, 339, 1037, 638, 1036, 249, 422, 280, 423, 1141, 281];[206]
823;[824];[];[]
824;[823];[];[]
825;[826];[];[]
826;[825];[];[]
827;[828];[];[]
828;[827];[];[]
829;[830];[];[]
830;[829];[];[]
831;[128, 1238, 337, 892, 331, 833, 1629, 832, 1628, 232, 1284];[126, 330, 231, 129, 516, 125, 1243, 127, 1221, 1327, 1326, 1325];[1218, 1219, 1222, 1215, 1223, 945, 1216, 1217, 1220, 944]
832;[831, 337, 128, 833];[1238, 126, 129, 331, 125, 127, 1325, 1284, 1326, 892, 1629, 1221, 232, 1327, 1628];[1218, 1219, 330, 231, 516, 1243, 1222, 1215, 1223, 1216, 1217, 1220]
833;[128, 1629, 832, 337, 831, 1628];[1238, 126, 892, 129, 331, 125, 127, 1221, 1326, 232, 1327, 1284, 1325];[1218, 1219, 330, 231, 516, 1243, 1222, 1215, 1223, 1216, 1217, 1220]
834;[835];[];[]
835;[834];[];[]
836;[113];[1391, 813, 250, 762, 338, 341, 340, 209, 342, 1392, 851, 852, 822, 1140, 208, 763, 515, 1142, 282, 761, 112, 1393, 339, 1037, 638, 1036, 249, 422, 280, 423, 1141, 281];[206]
837;[838, 266];[1606, 630, 1605, 631, 672, 923, 267, 633, 671, 632];[1311]
838;[837, 266];[1606, 630, 1605, 631, 672, 923, 267, 633, 671, 632];[1311]
839;[840];[];[]
840;[839];[];[]
841;[842];[];[]
842;[841];[];[]
843;[844, 845];[1513, 1512];[]
844;[1513, 1512, 843, 845];[];[]
845;[1513, 1512, 843, 844];[];[]
846;[1413, 1084, 1085, 1655, 847, 527, 1656];[1434, 528, 526];[1531, 1533, 1532]
847;[846, 527];[1413, 1655, 1084, 526, 1085, 528, 1656];[1531, 1434, 1533, 1532]
848;[849, 850];[544, 1384, 1385, 1387, 1388, 1386];[543, 1363, 1318, 329, 692, 689, 1112, 690, 1319, 1113, 1362, 691, 693]
849;[544, 1388, 1384, 1385, 1387, 848, 1386, 850];[543, 1363, 1318, 329, 692, 689, 1112, 690, 1319, 1113, 1362, 691, 693];[695, 328, 327, 697, 326, 570, 699, 694, 698, 325, 700, 696]
850;[544, 1388, 1384, 849, 1385, 1387, 848, 1386];[543, 1363, 1318, 329, 692, 689, 1112, 690, 1319, 1113, 1362, 691, 693];[695, 328, 327, 697, 326, 570, 699, 694, 698, 325, 700, 696]
851;[112, 113];[1391, 813, 250, 762, 338, 340, 341, 209, 342, 1392, 852, 822, 1140, 208, 763, 515, 1142, 836, 282, 761, 1393, 339, 1037, 638, 1036, 249, 422, 280, 423, 1141, 281];[206]
852;[112, 113];[1391, 813, 250, 762, 338, 340, 341, 209, 342, 1392, 851, 822, 1140, 208, 763, 515, 1142, 836, 282, 761, 1393, 339, 1037, 638, 1036, 249, 422, 280, 423, 1141, 281];[206]
853;[854];[];[]
854;[853];[];[]
855;[856];[];[]
856;[855];[];[]
857;[858];[];[]
858;[857];[];[]
859;[860];[];[]
860;[859];[];[]
861;[206, 207, 1336];[210, 441, 365, 214, 364, 209, 576, 878, 818, 213, 363, 876, 212, 592, 877, 577, 1708, 211];[440, 442, 113, 819, 208, 1038, 443]
862;[863];[];[]
863;[862];[];[]
864;[865];[1426, 1430, 1431, 1428, 1429, 1383, 1427, 970, 969];[1382, 968, 967]
865;[1426, 1430, 1431, 1428, 1429, 1383, 864, 1427, 970, 969];[1382, 968, 967];[]
866;[867];[];[]
867;[866];[];[]
868;[869];[];[]
869;[868];[];[]
870;[871, 581];[882, 1054, 656, 1055, 1562, 580];[]
871;[870, 581];[882, 1054, 656, 1055, 1562, 580];[]
872;[873];[];[]
873;[872];[];[]
874;[875];[];[]
875;[874];[];[]
876;[207, 592, 877, 878, 364];[210, 818, 213, 363, 365, 206, 212, 214, 1336, 211, 1708, 861];[576, 441, 577, 819, 209]
877;[207, 592, 878, 364, 876];[210, 818, 213, 363, 365, 206, 212, 214, 1336, 211, 1708, 861];[576, 441, 577, 819, 209]
878;[207, 592, 877, 364, 876];[210, 818, 213, 363, 365, 206, 212, 214, 1336, 211, 1708, 861];[576, 441, 577, 819, 209]
879;[880];[];[]
880;[879];[];[]
881;[432];[523, 642, 1152, 1372, 1588, 574, 1373, 431, 1151, 575, 430, 573, 1589];[384, 641]
882;[581];[871, 1054, 656, 1055, 870, 1562, 580];[]
883;[1493, 475, 1495, 1496, 1494, 474];[];[]
884;[885, 886, 887];[955];[954, 1479, 957, 953, 1597, 952, 956]
885;[886, 884, 887];[955];[954, 1479, 957, 953, 1597, 952, 956]
886;[955, 885, 884, 887];[954, 1479, 957, 953, 1597, 952, 956];[1531, 1253, 1594, 1593, 1254, 1595, 1596]
887;[955, 886, 885, 884];[954, 1479, 957, 953, 1597, 952, 956];[1531, 1253, 1594, 1593, 1254, 1595, 1596]
888;[889];[];[]
889;[888];[];[]
890;[891];[];[]
891;[890];[];[]
892;[831, 331, 337];[128, 1238, 125, 833, 832, 1325, 1284, 1326, 330, 1629, 1221, 232, 1327, 1628];[126, 1218, 1219, 516, 231, 129, 1243, 1222, 1215, 127, 1223, 1216, 1217, 1220]
893;[894];[];[]
894;[893];[];[]
895;[896];[];[]
896;[895];[];[]
897;[898];[];[]
898;[897];[];[]
899;[900];[];[]
900;[899];[];[]
901;[902];[];[]
902;[901];[];[]
903;[905, 904];[];[]
904;[905, 903];[];[]
905;[903, 904];[];[]
906;[907];[];[]
907;[906];[];[]
908;[909];[];[]
909;[908];[];[]
910;[911, 912, 913];[];[]
911;[913, 910, 912];[];[]
912;[911, 910, 913];[];[]
913;[911, 910, 912];[];[]
914;[915];[];[]
915;[914];[];[]
916;[917, 918];[1581, 1018, 1580, 1226, 1021, 1577, 1578, 1019, 1579, 1582, 1126, 1017, 1020];[1127, 1128, 1123, 1125, 1124]
917;[918, 916];[1581, 1018, 1580, 1226, 1021, 1577, 1578, 1019, 1579, 1582, 1126, 1017, 1020];[1127, 1128, 1123, 1125, 1124]
918;[1581, 1017, 1018, 1580, 1226, 1582, 1021, 1577, 1578, 1579, 917, 1126, 1019, 1020, 916];[1127, 1128, 1123, 1125, 1124];[1167, 158, 141, 84]
919;[920];[];[]
920;[919];[];[]
921;[922];[];[]
922;[921];[];[]
923;[266, 1311, 671];[1606, 630, 1605, 631, 672, 837, 267, 633, 838, 632];[]
924;[925];[];[]
925;[924];[];[]
926;[927];[];[]
927;[926];[];[]
928;[929];[];[]
929;[928];[];[]
930;[931];[];[]
931;[930];[];[]
932;[933];[];[]
933;[932];[];[]
934;[935];[];[]
935;[934];[];[]
936;[937];[];[]
937;[936];[];[]
938;[939];[];[]
939;[938];[];[]
940;[941];[];[]
941;[940];[];[]
942;[943];[];[]
943;[942];[];[]
944;[231, 945];[1090, 1094, 1092, 1093, 1243, 516, 85, 1095, 1096, 232, 1091];[831, 1238, 1630, 84]
945;[1090, 1092, 1094, 1093, 231, 85, 1095, 1096, 1091, 944];[84, 516, 1630, 232, 1243];[1127, 158, 1006, 141, 1599, 1676, 1238, 1678, 1167, 831, 1677]
946;[947];[];[]
947;[946];[];[]
948;[600, 949];[601, 599, 175];[174, 216, 215]
949;[600, 948];[601, 599, 175];[174, 216, 215]
950;[951];[];[]
951;[950];[];[]
952;[954, 955, 957, 953, 1597, 956];[1531, 1479, 1253, 1594, 1593, 887, 886, 1254, 1595, 1596];[885, 884, 1533, 1532, 528]
953;[954, 1479, 955, 957, 1597, 952, 956];[1531, 1253, 1594, 1593, 887, 886, 1254, 1595, 1596];[885, 884, 1533, 1532, 528]
954;[1531, 1253, 1594, 1593, 956, 955, 957, 953, 1254, 1595, 1596, 952];[1479, 1533, 887, 886, 1597, 1532, 528];[885, 884, 527, 526]
955;[954, 1479, 956, 887, 886, 957, 953, 1597, 952];[1531, 884, 1253, 1594, 1593, 885, 1254, 1595, 1596];[1532, 1533, 528]
956;[954, 1479, 1253, 955, 957, 953, 1254, 952];[1531, 1594, 1593, 887, 886, 1595, 1597, 1596];[885, 884, 1533, 1532, 528]
957;[954, 955, 953, 1254, 1253, 952, 956];[1531, 1479, 1594, 1593, 887, 886, 1595, 1597, 1596];[885, 884, 1533, 1532, 528]
958;[959, 962, 961, 963, 960];[];[]
959;[958, 962, 961, 963, 960];[];[]
960;[959, 958, 962, 961, 963];[];[]
961;[959, 958, 962, 963, 960];[];[]
962;[959, 958, 961, 963, 960];[];[]
963;[959, 958, 962, 961, 960];[];[]
964;[965, 966];[];[]
965;[966, 964];[];[]
966;[965, 964];[];[]
967;[970, 968, 969];[1426, 1430, 1431, 1428, 1429, 1383, 1427, 865];[1382, 864]
968;[967, 970, 969];[1426, 1430, 1431, 1428, 1429, 1383, 1427, 865];[1382, 864]
969;[1426, 1430, 1431, 1428, 1429, 1383, 1427, 968, 967, 970, 865];[1382, 864];[]
970;[1426, 1430, 1431, 1428, 1429, 1383, 865, 1427, 968, 967, 969];[1382, 864];[]
971;[972, 1103];[];[]
972;[971];[1103];[]
973;[974];[];[]
974;[973];[];[]
975;[976];[];[]
976;[975];[];[]
977;[978];[];[]
978;[977];[];[]
979;[980];[];[]
980;[979];[];[]
981;[982];[];[]
982;[981];[];[]
983;[984];[];[]
984;[983];[];[]
985;[986];[];[]
986;[985];[];[]
987;[988];[];[]
988;[987];[];[]
989;[990];[];[]
990;[989];[];[]
991;[992];[];[]
992;[991];[];[]
993;[994];[];[]
994;[993];[];[]
995;[996];[];[]
996;[995];[];[]
997;[998];[];[]
998;[997];[];[]
999;[1000];[];[]
1000;[999];[];[]
1001;[1002];[];[]
1002;[1001];[];[]
1003;[1004];[];[]
1004;[1003];[];[]
1005;[1006];[1599, 1421, 1598, 1676, 1678, 1419, 1420, 1630, 1601, 1600, 1677];[85, 84]
1006;[1599, 1421, 1598, 1601, 1676, 1678, 1005, 1420, 1630, 1419, 1600, 1677];[85, 84];[1127, 158, 1090, 1094, 1092, 1093, 141, 1095, 1096, 945, 1167, 1091]
1007;[1008];[];[]
1008;[1007];[];[]
1009;[530];[1271, 1251, 1302, 1272, 163, 529, 1273];[164, 1079, 194, 1297, 1252, 1250, 334, 335, 1585, 1298, 513, 547, 336, 346, 593, 347, 345, 162, 193, 594, 343, 1583, 514, 166, 1448, 1501, 165, 1450, 167, 1449, 1451, 1584, 512, 1452, 1396, 1294, 1295, 344, 1296]
1010;[1011, 1012, 111];[710, 1025, 1608, 109, 1026, 1027, 1047, 1028, 110, 1048, 1237, 1024, 1607, 1200, 709, 1609, 704, 1049];[703]
1011;[1010, 1012, 111];[710, 1025, 1608, 109, 1026, 1027, 1047, 1028, 110, 1048, 1237, 1024, 1607, 1200, 709, 1609, 704, 1049];[703]
1012;[1010, 1047, 111, 1048, 1011, 1049];[710, 1025, 1237, 1024, 109, 1607, 1026, 1608, 1027, 1200, 1028, 110, 1609, 704, 709];[703]
1013;[1014];[];[]
1014;[1013];[];[]
1015;[1016];[];[]
1016;[1015];[];[]
1017;[1018, 918, 1019, 1020, 1021];[1581, 1580, 1226, 1577, 1578, 1579, 917, 1582, 1126, 916];[1127, 1128, 1123, 1125, 1124]
1018;[1019, 918, 1017, 1020, 1021];[1581, 1580, 1226, 1577, 1578, 1579, 917, 1582, 1126, 916];[1127, 1128, 1123, 1125, 1124]
1019;[1018, 918, 1017, 1020, 1021];[1581, 1580, 1226, 1577, 1578, 1579, 917, 1582, 1126, 916];[1127, 1128, 1123, 1125, 1124]
1020;[1018, 1019, 918, 1226, 1017, 1021];[1581, 1580, 1577, 1578, 1579, 917, 1582, 1126, 916];[1127, 1128, 1123, 1125, 1124]
1021;[1017, 1018, 918, 1226, 1019, 1020];[1581, 1580, 1577, 1578, 1579, 917, 1582, 1126, 916];[1127, 1128, 1123, 1125, 1124]
1022;[1023];[];[]
1023;[1022];[];[]
1024;[111, 1025, 1028, 1026, 1027];[1010, 1012, 710, 1608, 1237, 1607, 109, 1011, 1200, 110, 1609, 704, 709];[1048, 1047, 703, 1049]
1025;[111, 1028, 1024, 1026, 1027];[1010, 1012, 710, 1608, 1237, 1607, 109, 1011, 1200, 110, 1609, 704, 709];[1048, 1047, 703, 1049]
1026;[111, 1025, 1024, 1028, 1027];[1010, 1012, 710, 1608, 1237, 1607, 109, 1011, 1200, 110, 1609, 704, 709];[1048, 1047, 703, 1049]
1027;[111, 1025, 1024, 1028, 1026];[1010, 1012, 710, 1608, 1237, 1607, 109, 1011, 1200, 110, 1609, 704, 709];[1048, 1047, 703, 1049]
1028;[111, 1025, 1024, 1026, 1027];[1010, 1012, 710, 1608, 1237, 1607, 109, 1011, 1200, 110, 1609, 704, 709];[1048, 1047, 703, 1049]
1029;[316, 315, 1030, 133, 319, 313, 317, 314];[318, 1558, 1559, 136, 1286, 1491, 708, 707, 131, 1492, 312, 134, 130, 132, 1070, 1071, 1287, 1076, 135];[1261, 1258, 1347, 1260, 1262, 1301, 1259, 1257]
1030;[316, 315, 133, 319, 313, 317, 314, 1029];[318, 1558, 1559, 136, 1286, 1491, 708, 707, 131, 1492, 312, 134, 130, 132, 1070, 1071, 1287, 1076, 135];[1261, 1258, 1347, 1260, 1262, 1301, 1259, 1257]
1031;[1032, 123, 1033, 124];[186];[]
1032;[1033, 123, 124, 1031];[186];[]
1033;[1032, 123, 124, 1031];[186];[]
1034;[1035, 385];[383, 1051, 1482, 1697, 384, 437];[642, 641, 1050]
1035;[1034, 385];[383, 1051, 1482, 1697, 384, 437];[642, 641, 1050]
1036;[1037, 112, 113];[1391, 813, 250, 762, 338, 340, 341, 209, 342, 1392, 851, 852, 822, 1140, 208, 763, 515, 1142, 836, 282, 761, 1393, 339, 638, 249, 422, 280, 423, 1141, 281];[206]
1037;[112, 1036, 113];[1391, 813, 250, 762, 338, 340, 341, 209, 342, 1392, 851, 852, 822, 1140, 208, 763, 515, 1142, 836, 282, 761, 1393, 339, 638, 249, 422, 280, 423, 1141, 281];[206]
1038;[577, 441];[206, 440, 442, 576, 443];[207, 1336, 861, 209]
1039;[1040];[];[]
1040;[1039];[];[]
1041;[1042];[];[]
1042;[1041];[];[]
1043;[1044];[];[]
1044;[1043];[];[]
1045;[1046];[];[]
1046;[1045];[];[]
1047;[1048, 1012, 1049];[1010, 1011, 111];[710, 1025, 1237, 1024, 109, 1607, 1026, 1608, 1027, 1200, 1028, 110, 1609, 704, 709]
1048;[1047, 1012, 1049];[1010, 1011, 111];[710, 1025, 1237, 1024, 109, 1607, 1026, 1608, 1027, 1200, 1028, 110, 1609, 704, 709]
1049;[1048, 1047, 1012];[1010, 1011, 111];[710, 1025, 1237, 1024, 109, 1607, 1026, 1608, 1027, 1200, 1028, 110, 1609, 704, 709]
1050;[1051, 384];[383, 642, 641, 385, 437];[1034, 1151, 1152, 1482, 1035, 1697, 432]
1051;[383, 384, 1050, 385];[1034, 642, 1482, 641, 1035, 1697, 437];[1151, 1152, 432]
1052;[1053];[];[]
1053;[1052];[];[]
1054;[1055, 581];[871, 882, 656, 870, 1562, 580];[]
1055;[1054, 581];[871, 882, 656, 870, 1562, 580];[]
1056;[1057];[];[]
1057;[1056];[];[]
1058;[1059];[];[]
1059;[1058];[];[]
1060;[1061];[];[]
1061;[1060];[];[]
1062;[1063];[];[]
1063;[1062];[];[]
1064;[1065];[];[]
1065;[1064];[];[]
1066;[1067];[];[]
1067;[1066];[];[]
1068;[1069];[];[]
1069;[1068];[];[]
1070;[1071, 130, 134, 133];[318, 1558, 1559, 315, 1030, 136, 319, 1286, 1491, 708, 707, 317, 131, 316, 1492, 312, 132, 313, 1287, 1076, 135, 314, 1029];[1261, 1258, 1347, 1260, 1262, 1301, 1259, 1257]
1071;[1070, 130, 134, 133];[318, 1558, 1559, 315, 1030, 136, 319, 1286, 1491, 708, 707, 317, 131, 316, 1492, 312, 132, 313, 1287, 1076, 135, 314, 1029];[1261, 1258, 1347, 1260, 1262, 1301, 1259, 1257]
1072;[1073];[];[]
1073;[1072];[];[]
1074;[1075];[];[]
1075;[1074];[];[]
1076;[1491, 313, 1492, 707, 133];[1558, 1559, 136, 317, 316, 134, 1029, 318, 315, 1030, 319, 1286, 708, 131, 130, 312, 132, 1070, 1071, 1287, 135, 314];[1261, 1258, 1347, 1260, 1262, 1301, 1259, 1257]
1077;[1078];[];[]
1078;[1077];[];[]
1079;[163];[164, 194, 1297, 334, 335, 1585, 513, 1298, 547, 336, 346, 593, 347, 345, 530, 162, 193, 594, 343, 1583, 514, 166, 1448, 1501, 165, 1450, 167, 1449, 1451, 1584, 512, 1452, 1294, 1302, 1295, 344, 1251, 1296];[1009, 1272, 529, 1273, 1396, 1271, 1252, 1250, 806]
1080;[1081];[];[]
1081;[1080];[];[]
1082;[1083];[];[]
1083;[1082];[];[]
1084;[1413, 1085, 846, 1655, 527, 1656];[1434, 528, 847, 526];[1531, 1533, 1532]
1085;[846, 1084, 1434, 1655, 527, 1656];[1413, 526, 528, 847];[1531, 1533, 1532]
1086;[1087];[];[]
1087;[1086];[];[]
1088;[1089];[];[]
1089;[1088];[];[]
1090;[1091, 1094, 1093, 85, 1095, 1096, 945, 1092];[231, 1630, 84, 944];[1127, 158, 1006, 1599, 141, 1676, 1243, 516, 1678, 232, 1167, 1677]
1091;[1090, 1094, 1093, 85, 1095, 1096, 945, 1092];[231, 1630, 84, 944];[1127, 158, 1006, 1599, 141, 1676, 1243, 516, 1678, 232, 1167, 1677]
1092;[1090, 1094, 1093, 85, 1095, 1096, 945, 1091];[231, 1630, 84, 944];[1127, 158, 1006, 1599, 141, 1676, 1243, 516, 1678, 232, 1167, 1677]
1093;[1091, 1090, 1094, 85, 1095, 1096, 945, 1092];[231, 1630, 84, 944];[1127, 158, 1006, 1599, 141, 1676, 1243, 516, 1678, 232, 1167, 1677]
1094;[1091, 1090, 1093, 85, 1095, 1096, 945, 1092];[231, 1630, 84, 944];[1127, 158, 1006, 1599, 141, 1676, 1243, 516, 1678, 232, 1167, 1677]
1095;[1091, 1090, 1094, 1093, 85, 1096, 945, 1092];[231, 1630, 84, 944];[1127, 158, 1006, 1599, 141, 1676, 1243, 516, 1678, 232, 1167, 1677]
1096;[1091, 1090, 1094, 1093, 85, 1095, 945, 1092];[231, 1630, 84, 944];[1127, 158, 1006, 1599, 141, 1676, 1243, 516, 1678, 232, 1167, 1677]
1097;[1098];[];[]
1098;[1097];[];[]
1099;[1100];[];[]
1100;[1099];[];[]
1101;[1102];[];[]
1102;[1101];[];[]
1103;[971];[972];[]
1104;[1105];[];[]
1105;[1104];[];[]
1106;[1107];[];[]
1107;[1106];[];[]
1108;[1111, 1109, 1110];[];[]
1109;[1108, 1111, 1110];[];[]
1110;[1108, 1109, 1111];[];[]
1111;[1108, 1109, 1110];[];[]
1112;[1113, 543, 544];[329, 689, 690, 1319, 1384, 691, 1386, 1363, 1318, 692, 1362, 849, 1385, 1387, 1388, 693, 850];[695, 328, 327, 848, 697, 326, 570, 699, 694, 698, 325, 700, 696]
1113;[543, 1112, 544];[329, 689, 690, 1319, 1384, 691, 1386, 1363, 1318, 692, 1362, 849, 1385, 1387, 1388, 693, 850];[695, 328, 327, 848, 697, 326, 570, 699, 694, 698, 325, 700, 696]
1114;[1118, 1115, 1116, 1117, 1418, 1417];[];[]
1115;[1116, 1117, 1118, 1114];[1418, 1417];[]
1116;[1115, 1117, 1118, 1114];[1418, 1417];[]
1117;[1118, 1114, 1115, 1116, 1418, 1417];[];[]
1118;[1114, 1115, 1116, 1117, 1418, 1417];[];[]
1119;[1120];[];[]
1120;[1119];[];[]
1121;[1122];[];[]
1122;[1121];[];[]
1123;[1127, 1128, 1124, 1125, 1126];[1581, 158, 141, 918, 1580, 84, 1577, 1578, 1579, 1167, 1582];[156, 261, 1021, 157, 155, 1630, 142, 917, 1017, 159, 1020, 1018, 1226, 85, 260, 259, 1019, 916]
1124;[1127, 1128, 1123, 1125, 1126];[1581, 158, 141, 918, 1580, 84, 1577, 1578, 1579, 1167, 1582];[156, 261, 1021, 157, 155, 1630, 142, 917, 1017, 159, 1020, 1018, 1226, 85, 260, 259, 1019, 916]
1125;[1127, 1128, 1123, 1124, 1126];[1581, 158, 141, 918, 1580, 84, 1577, 1578, 1579, 1167, 1582];[156, 261, 1021, 157, 155, 1630, 142, 917, 1017, 159, 1020, 1018, 1226, 85, 260, 259, 1019, 916]
1126;[1581, 1127, 1123, 918, 1580, 1577, 1578, 1128, 1579, 1124, 1125, 1582];[158, 1018, 1017, 141, 1226, 84, 1021, 1167, 917, 1019, 1020, 916];[156, 261, 85, 260, 259, 157, 155, 1630, 142, 159]
1127;[158, 1123, 141, 1167, 84, 1128, 1124, 1125, 1126];[1581, 156, 261, 918, 1580, 85, 260, 259, 1577, 157, 155, 1630, 1578, 1579, 142, 1582, 159];[1329, 1090, 1094, 1006, 1599, 1678, 1021, 1331, 917, 1091, 1092, 1017, 1020, 1677, 1018, 1093, 1676, 1226, 1095, 1096, 1328, 945, 1330, 1019, 916]
1128;[1127, 1123, 1125, 1124, 1126];[1581, 158, 141, 918, 1580, 84, 1577, 1578, 1579, 1167, 1582];[156, 261, 1021, 157, 155, 1630, 142, 917, 1017, 159, 1020, 1018, 1226, 85, 260, 259, 1019, 916]
1129;[1130];[];[]
1130;[1129];[];[]
1131;[1132, 1133, 1134];[];[]
1132;[1134, 1131, 1133];[];[]
1133;[1132, 1131, 1134];[];[]
1134;[1132, 1131, 1133];[];[]
1135;[1139, 1136, 1137, 1138];[];[]
1136;[1139, 1135, 1137, 1138];[];[]
1137;[1139, 1135, 1136, 1138];[];[]
1138;[1139, 1135, 1137, 1136];[];[]
1139;[1138, 1135, 1137, 1136];[];[]
1140;[813, 1141, 113, 1142];[836, 282, 761, 112, 1391, 1393, 339, 1037, 250, 638, 1036, 762, 338, 341, 340, 209, 249, 422, 342, 280, 1392, 423, 851, 852, 822, 281, 208, 763, 515];[206]
1141;[1140, 813, 113, 1142];[836, 282, 761, 112, 1391, 1393, 339, 1037, 250, 638, 1036, 762, 338, 341, 340, 209, 249, 422, 342, 280, 1392, 423, 851, 852, 822, 281, 208, 763, 515];[206]
1142;[1140, 813, 1141, 113];[836, 282, 761, 112, 1391, 1393, 339, 1037, 250, 638, 1036, 762, 338, 341, 340, 209, 249, 422, 342, 280, 1392, 423, 851, 852, 822, 281, 208, 763, 515];[206]
1143;[1144];[];[]
1144;[1143];[];[]
1145;[1146];[];[]
1146;[1145];[];[]
1147;[1148];[];[]
1148;[1147];[];[]
1149;[1150];[];[]
1150;[1149];[];[]
1151;[642, 1152, 432];[523, 1589, 1372, 1588, 384, 574, 431, 641, 575, 430, 881, 1373, 573];[383, 1051, 1050, 385, 437]
1152;[642, 1151, 432];[523, 1589, 1372, 1588, 384, 574, 431, 641, 575, 430, 881, 1373, 573];[383, 1051, 1050, 385, 437]
1153;[1154];[];[]
1154;[1153];[];[]
1155;[1156];[];[]
1156;[1155];[];[]
1157;[1158];[];[]
1158;[1157];[];[]
1159;[1160];[];[]
1160;[1159];[];[]
1161;[1162];[];[]
1162;[1161];[];[]
1163;[1164];[];[]
1164;[1163];[];[]
1165;[1166];[];[]
1166;[1165];[];[]
1167;[158, 1127, 141, 84];[156, 261, 85, 260, 259, 142, 157, 155, 1630, 1128, 1123, 1125, 1124, 1126, 159];[1329, 1090, 1094, 1006, 1599, 918, 1678, 1331, 1579, 1092, 1091, 1677, 1581, 1093, 1676, 1580, 1095, 1577, 1096, 1578, 945, 1330, 1582, 1328]
1168;[1169];[];[]
1169;[1168];[];[]
1170;[1171];[];[]
1171;[1170];[];[]
1172;[1173];[];[]
1173;[1172];[];[]
1174;[1175];[];[]
1175;[1174];[];[]
1176;[1177];[];[]
1177;[1176];[];[]
1178;[1179];[];[]
1179;[1178];[];[]
1180;[1181];[];[]
1181;[1180];[];[]
1182;[1183];[];[]
1183;[1182];[];[]
1184;[1185];[];[]
1185;[1184];[];[]
1186;[1187];[];[]
1187;[1186];[];[]
1188;[1189];[];[]
1189;[1188];[];[]
1190;[1191];[];[]
1191;[1190];[];[]
1192;[1193];[];[]
1193;[1192];[];[]
1194;[1195];[];[]
1195;[1194];[];[]
1196;[1197];[];[]
1197;[1196];[];[]
1198;[1199];[];[]
1199;[1198];[];[]
1200;[110, 111, 1237];[1010, 710, 1025, 1608, 109, 1026, 1011, 1027, 1028, 1012, 1024, 1607, 1609, 704, 709];[1048, 1047, 703, 1049]
1201;[1202];[];[]
1202;[1201];[];[]
1203;[1204];[];[]
1204;[1203];[];[]
1205;[1206];[];[]
1206;[1205];[];[]
1207;[1208];[];[]
1208;[1207];[];[]
1209;[1210];[];[]
1210;[1209];[];[]
1211;[1212];[];[]
1212;[1211];[];[]
1213;[1214];[];[]
1214;[1213];[];[]
1215;[1218, 1219, 1222, 1223, 1221, 1216, 1217, 1220];[1326, 337, 1516, 1327, 766, 1325];[128, 1284, 892, 1520, 1518, 764, 331, 125, 1517, 833, 1629, 832, 1519, 765, 831, 1628]
1216;[1215, 1221, 1218, 1219, 1217, 1220];[337, 1222, 1223, 1327, 1326, 1325];[128, 1284, 892, 331, 125, 766, 833, 1629, 832, 831, 1516, 1628]
1217;[1215, 1221, 1218, 1219, 1216, 1220];[337, 1222, 1223, 1327, 1326, 1325];[128, 1284, 892, 331, 125, 766, 833, 1629, 832, 831, 1516, 1628]
1218;[1215, 1221, 1219, 1216, 1217, 1220];[337, 1222, 1223, 1327, 1326, 1325];[128, 1284, 892, 331, 125, 766, 833, 1629, 832, 831, 1516, 1628]
1219;[1215, 1221, 1218, 1216, 1217, 1220];[337, 1222, 1223, 1327, 1326, 1325];[128, 1284, 892, 331, 125, 766, 833, 1629, 832, 831, 1516, 1628]
1220;[1215, 1221, 1218, 1219, 1216, 1217];[337, 1222, 1223, 1327, 1326, 1325];[128, 1284, 892, 331, 125, 766, 833, 1629, 832, 831, 1516, 1628]
1221;[337, 1218, 1219, 1222, 1215, 1223, 1327, 1216, 1217, 1326, 1220, 1325];[128, 1284, 892, 331, 125, 766, 833, 1629, 832, 831, 1516, 1628];[1238, 126, 1520, 330, 764, 129, 1518, 1517, 127, 1519, 232, 765]
1222;[1215, 1223, 1221, 1516, 766];[337, 1218, 1219, 1520, 1518, 764, 1517, 1519, 1327, 765, 1216, 1217, 1326, 1220, 1325];[128, 1284, 892, 331, 125, 833, 1629, 832, 831, 1628]
1223;[1215, 1221, 1222];[1516, 337, 1218, 1219, 766, 1327, 1216, 1217, 1326, 1220, 1325];[128, 1520, 892, 1518, 764, 331, 125, 1517, 833, 1629, 832, 1519, 1628, 765, 831, 1284]
1224;[1225];[];[]
1225;[1224];[];[]
1226;[918, 1020, 1021];[1581, 1018, 1580, 1577, 1578, 1019, 1579, 917, 1582, 1126, 1017, 916];[1127, 1128, 1123, 1125, 1124]
1227;[1228];[];[]
1228;[1227];[];[]
1229;[1230];[];[]
1230;[1229];[];[]
1231;[1232];[];[]
1232;[1231];[];[]
1233;[1234];[];[]
1234;[1233];[];[]
1235;[1236];[];[]
1236;[1235];[];[]
1237;[110, 1200, 111];[1010, 710, 1025, 1608, 109, 1026, 1011, 1027, 1028, 1012, 1024, 1607, 1609, 704, 709];[1048, 1047, 703, 1049]
1238;[831, 232];[128, 1284, 337, 892, 516, 231, 1243, 331, 833, 1629, 832, 1628];[126, 330, 129, 944, 125, 127, 1221, 945, 1327, 1326, 1325]
1239;[1240];[];[]
1240;[1239];[];[]
1241;[1242];[];[]
1242;[1241];[];[]
1243;[231, 232];[1238, 945, 516, 831, 944];[128, 1091, 1090, 1094, 1284, 1093, 337, 892, 85, 331, 1095, 833, 1629, 1096, 832, 1628, 1092]
1244;[1245];[];[]
1245;[1244];[];[]
1246;[1247];[];[]
1247;[1246];[];[]
1248;[1249];[];[]
1249;[1248];[];[]
1250;[1251, 1252];[530, 1302, 163];[1272, 164, 1079, 194, 1271, 1297, 334, 335, 1585, 513, 1298, 547, 336, 346, 593, 347, 345, 162, 193, 594, 343, 1009, 1583, 514, 1273, 166, 1448, 1501, 165, 1450, 167, 1449, 1451, 1584, 512, 1452, 529, 1396, 1294, 1295, 344, 1296]
1251;[1302, 163, 1250, 530, 1252];[1272, 164, 1079, 194, 1271, 1297, 334, 335, 1585, 513, 1298, 547, 336, 346, 593, 347, 345, 162, 193, 594, 343, 1009, 1583, 514, 1273, 166, 1448, 1501, 165, 1450, 167, 1449, 1451, 1584, 512, 1452, 529, 1396, 1294, 1295, 344, 1296];[806]
1252;[1251, 1250];[530, 1302, 163];[1272, 164, 1079, 194, 1271, 1297, 334, 335, 1585, 513, 1298, 547, 336, 346, 593, 347, 345, 162, 193, 594, 343, 1009, 1583, 514, 1273, 166, 1448, 1501, 165, 1450, 167, 1449, 1451, 1584, 512, 1452, 529, 1396, 1294, 1295, 344, 1296]
1253;[954, 957, 1254, 956];[1531, 1479, 1594, 1593, 955, 953, 1595, 1596, 952];[886, 1533, 1597, 1532, 528, 887]
1254;[954, 957, 956, 1253];[1531, 1479, 1594, 1593, 955, 953, 1595, 1596, 952];[886, 1533, 1597, 1532, 528, 887]
1255;[1256];[];[]
1256;[1255];[];[]
1257;[1258, 1260, 1262, 1259, 136, 1261];[135, 130, 131, 134, 132, 133];[318, 1558, 1559, 315, 1030, 319, 1286, 1491, 708, 707, 317, 316, 1492, 1301, 312, 1070, 1347, 1071, 313, 1287, 1076, 314, 1029]
1258;[1261, 1260, 1262, 1259, 136, 1257];[135, 130, 131, 134, 132, 133];[318, 1558, 1559, 315, 1030, 319, 1286, 1491, 708, 707, 317, 316, 1492, 1301, 312, 1070, 1347, 1071, 313, 1287, 1076, 314, 1029]
1259;[1261, 1258, 1260, 1262, 136, 1257];[135, 130, 131, 134, 132, 133];[318, 1558, 1559, 315, 1030, 319, 1286, 1491, 708, 707, 317, 316, 1492, 1301, 312, 1070, 1347, 1071, 313, 1287, 1076, 314, 1029]
1260;[1261, 1258, 1262, 1259, 136, 1257];[135, 130, 131, 134, 132, 133];[318, 1558, 1559, 315, 1030, 319, 1286, 1491, 708, 707, 317, 316, 1492, 1301, 312, 1070, 1347, 1071, 313, 1287, 1076, 314, 1029]
1261;[1258, 1260, 1262, 1259, 136, 1257];[135, 130, 131, 134, 132, 133];[318, 1558, 1559, 315, 1030, 319, 1286, 1491, 708, 707, 317, 316, 1492, 1301, 312, 1070, 1347, 1071, 313, 1287, 1076, 314, 1029]
1262;[1261, 1258, 1260, 1259, 136, 1257];[135, 130, 131, 134, 132, 133];[318, 1558, 1559, 315, 1030, 319, 1286, 1491, 708, 707, 317, 316, 1492, 1301, 312, 1070, 1347, 1071, 313, 1287, 1076, 314, 1029]
1263;[143, 1264];[144];[]
1264;[143, 1263];[144];[]
1265;[1266];[];[]
1266;[1265];[];[]
1267;[1268];[];[]
1268;[1267];[];[]
1269;[1270];[];[]
1270;[1269];[];[]
1271;[1272, 1273, 530];[1251, 1009, 1302, 163, 529];[164, 1079, 194, 1297, 1252, 1250, 334, 335, 1585, 1298, 513, 547, 336, 346, 593, 347, 345, 162, 193, 594, 343, 1583, 514, 166, 1448, 1501, 165, 1450, 167, 1449, 1451, 1584, 512, 1452, 1396, 1294, 1295, 344, 1296]
1272;[1271, 1273, 530];[1251, 1009, 1302, 163, 529];[164, 1079, 194, 1297, 1252, 1250, 334, 335, 1585, 1298, 513, 547, 336, 346, 593, 347, 345, 162, 193, 594, 343, 1583, 514, 166, 1448, 1501, 165, 1450, 167, 1449, 1451, 1584, 512, 1452, 1396, 1294, 1295, 344, 1296]
1273;[1271, 1272, 530];[1251, 1009, 1302, 163, 529];[164, 1079, 194, 1297, 1252, 1250, 334, 335, 1585, 1298, 513, 547, 336, 346, 593, 347, 345, 162, 193, 594, 343, 1583, 514, 166, 1448, 1501, 165, 1450, 167, 1449, 1451, 1584, 512, 1452, 1396, 1294, 1295, 344, 1296]
1274;[1275];[];[]
1275;[1274];[];[]
1276;[1277];[];[]
1277;[1276];[];[]
1278;[1279];[];[]
1279;[1278];[];[]
1280;[1281];[];[]
1281;[1280];[];[]
1282;[1283];[];[]
1283;[1282];[];[]
1284;[831, 337];[128, 1238, 331, 125, 833, 832, 1325, 1326, 892, 1629, 1221, 232, 1327, 1628];[126, 1218, 1219, 330, 231, 129, 516, 1243, 1222, 1215, 127, 1223, 1216, 1217, 1220]
1285;[536];[535];[]
1286;[317, 313, 133, 1287];[318, 315, 1030, 1558, 1559, 136, 319, 1491, 708, 707, 316, 1492, 312, 134, 131, 130, 132, 1070, 1071, 1076, 135, 314, 1029];[1261, 1258, 1347, 1260, 1262, 1301, 1259, 1257]
1287;[1286, 317, 133, 313];[318, 315, 1030, 1558, 1559, 136, 319, 1491, 708, 707, 316, 1492, 312, 134, 131, 130, 132, 1070, 1071, 1076, 135, 314, 1029];[1261, 1258, 1347, 1260, 1262, 1301, 1259, 1257]
1288;[1289];[];[]
1289;[1288];[];[]
1290;[1291];[];[]
1291;[1290];[];[]
1292;[1293];[];[]
1293;[1292];[];[]
1294;[1295, 163, 1297, 1298, 1296];[164, 1079, 194, 334, 335, 1585, 513, 547, 336, 346, 593, 347, 345, 530, 162, 193, 594, 343, 1583, 514, 166, 1448, 1501, 165, 1450, 167, 1449, 1451, 1584, 512, 1452, 1302, 344, 1251];[1009, 1272, 529, 1273, 1396, 1271, 1252, 1250, 806]
1295;[1294, 1297, 163, 1298, 1296];[164, 1079, 194, 334, 335, 1585, 513, 547, 336, 346, 593, 347, 345, 530, 162, 193, 594, 343, 1583, 514, 166, 1448, 1501, 165, 1450, 167, 1449, 1451, 1584, 512, 1452, 1302, 344, 1251];[1009, 1272, 529, 1273, 1396, 1271, 1252, 1250, 806]
1296;[1294, 1295, 163, 1297, 1298];[164, 1079, 194, 334, 335, 1585, 513, 547, 336, 346, 593, 347, 345, 530, 162, 193, 594, 343, 1583, 514, 166, 1448, 1501, 165, 1450, 167, 1449, 1451, 1584, 512, 1452, 1302, 344, 1251];[1009, 1272, 529, 1273, 1396, 1271, 1252, 1250, 806]
1297;[1294, 1295, 163, 1298, 1296];[164, 1079, 194, 334, 335, 1585, 513, 547, 336, 346, 593, 347, 345, 530, 162, 193, 594, 343, 1583, 514, 166, 1448, 1501, 165, 1450, 167, 1449, 1451, 1584, 512, 1452, 1302, 344, 1251];[1009, 1272, 529, 1273, 1396, 1271, 1252, 1250, 806]
1298;[1294, 1295, 163, 1297, 1296];[164, 1079, 194, 334, 335, 1585, 513, 547, 336, 346, 593, 347, 345, 530, 162, 193, 594, 343, 1583, 514, 166, 1448, 1501, 165, 1450, 167, 1449, 1451, 1584, 512, 1452, 1302, 344, 1251];[1009, 1272, 529, 1273, 1396, 1271, 1252, 1250, 806]
1299;[1300];[];[]
1300;[1299];[];[]
1301;[135, 1347];[130, 131, 134, 132, 133, 136];[318, 1558, 1559, 315, 1030, 319, 1286, 1491, 708, 1260, 707, 1262, 317, 1259, 1261, 316, 1492, 312, 1070, 1257, 1071, 313, 1258, 1287, 1076, 314, 1029]
1302;[530, 163, 1251, 1396];[1272, 164, 1079, 194, 1271, 1297, 334, 1252, 335, 1250, 1585, 513, 1298, 547, 336, 346, 593, 347, 345, 162, 193, 594, 343, 1009, 1583, 514, 1273, 166, 1448, 1501, 165, 1450, 167, 1449, 1451, 1584, 512, 1452, 529, 1294, 1295, 344, 1296];[806]
1303;[1304];[];[]
1304;[1303];[];[]
1305;[1306];[];[]
1306;[1305];[];[]
1307;[1308];[];[]
1308;[1307];[];[]
1309;[1310];[];[]
1310;[1309];[];[]
1311;[923];[266, 671];[1606, 630, 1605, 631, 672, 837, 267, 633, 838, 632]
1312;[1317, 1313, 1315, 1316, 1314, 644];[646, 643, 647, 1689, 645, 1690];[]
1313;[1317, 1315, 1312, 1316, 1314, 644];[646, 643, 647, 1689, 645, 1690];[]
1314;[1317, 1315, 1313, 1312, 1316, 644];[646, 643, 647, 1689, 645, 1690];[]
1315;[1317, 1313, 1312, 1316, 1314, 644];[646, 643, 647, 1689, 645, 1690];[]
1316;[1317, 1315, 1313, 1312, 1314, 644];[646, 643, 647, 1689, 645, 1690];[]
1317;[1312, 1313, 1315, 1316, 1314, 644];[646, 643, 647, 1689, 645, 1690];[]
1318;[544, 1319];[543, 329, 689, 690, 1384, 691, 1386, 1363, 692, 1112, 1113, 1362, 849, 1385, 1387, 1388, 693, 850];[695, 328, 327, 848, 697, 326, 570, 699, 694, 698, 325, 700, 696]
1319;[1363, 544, 1318, 1362];[543, 329, 689, 690, 1384, 691, 1386, 692, 1112, 1113, 849, 1385, 1387, 1388, 693, 850];[695, 328, 327, 848, 697, 326, 570, 699, 694, 698, 325, 700, 696]
1320;[658];[657];[]
1321;[1322];[];[]
1322;[1321];[];[]
1323;[1324];[];[]
1324;[1323];[];[]
1325;[1327, 1221, 1326, 337];[128, 1218, 1219, 892, 331, 125, 1222, 833, 1629, 1215, 1223, 832, 1628, 831, 1216, 1217, 1284, 1220];[127, 1516, 126, 1238, 330, 129, 232, 766]
1326;[1325, 1221, 337, 1327];[128, 1218, 1219, 892, 331, 125, 1222, 833, 1629, 1215, 1223, 832, 1628, 831, 1216, 1217, 1284, 1220];[127, 1516, 126, 1238, 330, 129, 232, 766]
1327;[1325, 1221, 1326, 337];[128, 1218, 1219, 892, 331, 125, 1222, 833, 1629, 1215, 1223, 832, 1628, 831, 1216, 1217, 1284, 1220];[127, 1516, 126, 1238, 330, 129, 232, 766]
1328;[1329, 1331, 159, 1330];[158, 157, 155, 156, 261, 260, 259];[1167, 1127, 141, 84]
1329;[1330, 1331, 1328, 159];[158, 157, 155, 156, 261, 260, 259];[1167, 1127, 141, 84]
1330;[1329, 1331, 1328, 159];[158, 157, 155, 156, 261, 260, 259];[1167, 1127, 141, 84]
1331;[1329, 1328, 159, 1330];[158, 157, 155, 156, 261, 260, 259];[1167, 1127, 141, 84]
1332;[1333];[];[]
1333;[1332];[];[]
1334;[1335];[];[]
1335;[1334];[];[]
1336;[206, 207, 861];[210, 441, 365, 214, 364, 209, 576, 878, 818, 213, 363, 876, 212, 592, 877, 577, 1708, 211];[440, 442, 113, 819, 208, 1038, 443]
1337;[1338];[];[]
1338;[1337];[];[]
1339;[564, 1340];[563, 560, 561, 562];[]
1340;[564, 1339];[563, 560, 561, 562];[]
1341;[1342];[];[]
1342;[1341];[];[]
1343;[1344];[];[]
1344;[1343];[];[]
1345;[1346];[];[]
1346;[1345];[];[]
1347;[135, 1301];[130, 131, 134, 132, 133, 136];[318, 1558, 1559, 315, 1030, 319, 1286, 1491, 708, 1260, 707, 1262, 317, 1259, 1261, 316, 1492, 312, 1070, 1257, 1071, 313, 1258, 1287, 1076, 314, 1029]
1348;[1349];[];[]
1349;[1348];[];[]
1350;[1351];[];[]
1351;[1350];[];[]
1352;[289, 1353, 288];[1574, 1663, 354, 355, 287];[1573, 1592, 1604, 1514]
1353;[289, 288, 1352];[1574, 1663, 354, 355, 287];[1573, 1592, 1604, 1514]
1354;[1355];[];[]
1355;[1354];[];[]
1356;[1357];[];[]
1357;[1356];[];[]
1358;[1359];[];[]
1359;[1358];[];[]
1360;[1361];[];[]
1361;[1360];[];[]
1362;[1363, 544, 1319];[543, 329, 689, 690, 1384, 691, 1386, 1318, 692, 1112, 1113, 849, 1385, 1387, 1388, 693, 850];[695, 328, 327, 848, 697, 326, 570, 699, 694, 698, 325, 700, 696]
1363;[1362, 544, 1319];[543, 329, 689, 690, 1384, 691, 1386, 1318, 692, 1112, 1113, 849, 1385, 1387, 1388, 693, 850];[695, 328, 327, 848, 697, 326, 570, 699, 694, 698, 325, 700, 696]
1364;[1367, 1365, 1368, 1369, 1366];[];[]
1365;[1367, 1368, 1369, 1364, 1366];[];[]
1366;[1367, 1365, 1368, 1369, 1364];[];[]
1367;[1368, 1365, 1369, 1364, 1366];[];[]
1368;[1367, 1365, 1369, 1364, 1366];[];[]
1369;[1367, 1365, 1368, 1364, 1366];[];[]
1370;[1371, 1553];[];[]
1371;[1370, 1553];[];[]
1372;[1373, 432];[523, 642, 1152, 1588, 574, 431, 1151, 575, 430, 881, 1589, 573];[384, 641]
1373;[1372, 432];[523, 642, 1152, 1588, 574, 431, 1151, 575, 430, 881, 1589, 573];[384, 641]
1374;[1375];[];[]
1375;[1374];[];[]
1376;[1377];[];[]
1377;[1376];[];[]
1378;[1379];[];[]
1379;[1378];[];[]
1380;[1381];[];[]
1381;[1380];[];[]
1382;[1383];[1426, 1430, 1431, 1428, 1429, 865, 1427, 970, 969];[864, 968, 967]
1383;[1426, 1430, 969, 1431, 1428, 1429, 1382, 1427, 970, 865];[967, 864, 968];[]
1384;[1387, 849, 1385, 544, 1388, 1386, 850];[543, 1363, 1318, 329, 692, 689, 1112, 690, 1319, 1113, 1362, 691, 848, 693];[695, 328, 327, 697, 326, 570, 699, 694, 698, 325, 700, 696]
1385;[1384, 1387, 849, 544, 1388, 1386, 850];[543, 1363, 1318, 329, 692, 689, 1112, 690, 1319, 1113, 1362, 691, 848, 693];[695, 328, 327, 697, 326, 570, 699, 694, 698, 325, 700, 696]
1386;[1384, 1387, 849, 1385, 544, 1388, 850];[543, 1363, 1318, 329, 692, 689, 1112, 690, 1319, 1113, 1362, 691, 848, 693];[695, 328, 327, 697, 326, 570, 699, 694, 698, 325, 700, 696]
1387;[1384, 849, 1385, 544, 1388, 1386, 850];[543, 1363, 1318, 329, 692, 689, 1112, 690, 1319, 1113, 1362, 691, 848, 693];[695, 328, 327, 697, 326, 570, 699, 694, 698, 325, 700, 696]
1388;[1384, 1387, 849, 1385, 544, 1386, 850];[543, 1363, 1318, 329, 692, 689, 1112, 690, 1319, 1113, 1362, 691, 848, 693];[695, 328, 327, 697, 326, 570, 699, 694, 698, 325, 700, 696]
1389;[1390];[];[]
1390;[1389];[];[]
1391;[113, 1392, 1393];[836, 282, 761, 112, 813, 339, 1037, 250, 638, 1036, 762, 338, 341, 340, 209, 249, 422, 342, 280, 423, 1141, 851, 852, 822, 281, 1140, 208, 763, 515, 1142];[206]
1392;[1391, 113, 1393];[836, 282, 761, 112, 813, 339, 1037, 250, 638, 1036, 762, 338, 341, 340, 209, 249, 422, 342, 280, 423, 1141, 851, 852, 822, 281, 1140, 208, 763, 515, 1142];[206]
1393;[1392, 1391, 113];[836, 282, 761, 112, 813, 339, 1037, 250, 638, 1036, 762, 338, 341, 340, 209, 249, 422, 342, 280, 423, 1141, 851, 852, 822, 281, 1140, 208, 763, 515, 1142];[206]
1394;[1395];[];[]
1395;[1394];[];[]
1396;[1302];[530, 1251, 163];[1272, 164, 1079, 194, 1271, 1297, 1252, 1250, 334, 335, 1585, 513, 1298, 547, 336, 346, 593, 347, 345, 162, 193, 594, 343, 1009, 1583, 514, 1273, 166, 1448, 1501, 165, 1450, 167, 1449, 1451, 1584, 512, 1452, 529, 1294, 1295, 344, 1296]
1397;[1398];[];[]
1398;[1397];[];[]
1399;[1400];[];[]
1400;[1399];[];[]
1401;[1402];[];[]
1402;[1401];[];[]
1403;[1404];[];[]
1404;[1403];[];[]
1405;[1406];[];[]
1406;[1405];[];[]
1407;[1408];[];[]
1408;[1407];[];[]
1409;[1410];[];[]
1410;[1409];[];[]
1411;[1412];[];[]
1412;[1411];[];[]
1413;[1084, 846, 527];[1085, 847, 526, 1655, 528, 1656];[1531, 1434, 1533, 1532]
1414;[1416, 1415];[];[]
1415;[1416, 1414];[];[]
1416;[1414, 1415];[];[]
1417;[1117, 1118, 1418, 1114];[1115, 1116];[]
1418;[1117, 1118, 1417, 1114];[1115, 1116];[]
1419;[1420, 1006, 1421];[1599, 1598, 1676, 1678, 1005, 1630, 1601, 1600, 1677];[85, 84]
1420;[1419, 1006, 1421];[1599, 1598, 1676, 1678, 1005, 1630, 1601, 1600, 1677];[85, 84]
1421;[1420, 1006, 1419];[1599, 1598, 1676, 1678, 1005, 1630, 1601, 1600, 1677];[85, 84]
1422;[1423];[];[]
1423;[1422];[];[]
1424;[1425];[];[]
1425;[1424];[];[]
1426;[1430, 969, 1431, 1428, 1429, 1383, 1427, 970, 865];[1382, 864, 968, 967];[]
1427;[1426, 1430, 969, 1431, 1428, 1429, 1383, 970, 865];[1382, 864, 968, 967];[]
1428;[1426, 1430, 969, 1431, 1429, 1383, 1427, 970, 865];[1382, 864, 968, 967];[]
1429;[1426, 1430, 969, 1431, 1428, 1383, 1427, 970, 865];[1382, 864, 968, 967];[]
1430;[1426, 969, 1431, 1428, 1429, 1383, 1427, 970, 865];[1382, 864, 968, 967];[]
1431;[1426, 1430, 969, 1428, 1429, 1383, 1427, 970, 865];[1382, 864, 968, 967];[]
1432;[1433];[];[]
1433;[1432];[];[]
1434;[1085];[846, 1084, 1655, 527, 1656];[1413, 526, 528, 847]
1435;[1436];[];[]
1436;[1435];[];[]
1437;[1438];[1563, 1564];[]
1438;[1563, 1564, 1437];[];[]
1439;[649, 1440, 1441];[648, 650, 651, 1641, 1640];[]
1440;[649, 1441, 1641, 1439, 1640];[648, 650, 651];[]
1441;[649, 1439, 1440];[648, 650, 651, 1641, 1640];[]
1442;[1443];[];[]
1443;[1442];[];[]
1444;[1445];[];[]
1445;[1444];[];[]
1446;[1447];[];[]
1447;[1446];[];[]
1448;[1451, 163, 1452, 1450, 1449];[164, 1079, 194, 1297, 334, 335, 1585, 513, 1298, 547, 336, 346, 593, 347, 345, 530, 162, 193, 594, 343, 1583, 514, 166, 1501, 165, 167, 1584, 512, 1294, 1302, 1295, 344, 1251, 1296];[1009, 1272, 529, 1273, 1396, 1271, 1252, 1250, 806]
1449;[1451, 1448, 163, 1452, 1450];[164, 1079, 194, 1297, 334, 335, 1585, 513, 1298, 547, 336, 346, 593, 347, 345, 530, 162, 193, 594, 343, 1583, 514, 166, 1501, 165, 167, 1584, 512, 1294, 1302, 1295, 344, 1251, 1296];[1009, 1272, 529, 1273, 1396, 1271, 1252, 1250, 806]
1450;[1451, 1448, 163, 1452, 1449];[164, 1079, 194, 1297, 334, 335, 1585, 513, 1298, 547, 336, 346, 593, 347, 345, 530, 162, 193, 594, 343, 1583, 514, 166, 1501, 165, 167, 1584, 512, 1294, 1302, 1295, 344, 1251, 1296];[1009, 1272, 529, 1273, 1396, 1271, 1252, 1250, 806]
1451;[1448, 163, 1452, 1450, 1449];[164, 1079, 194, 1297, 334, 335, 1585, 513, 1298, 547, 336, 346, 593, 347, 345, 530, 162, 193, 594, 343, 1583, 514, 166, 1501, 165, 167, 1584, 512, 1294, 1302, 1295, 344, 1251, 1296];[1009, 1272, 529, 1273, 1396, 1271, 1252, 1250, 806]
1452;[1451, 1448, 163, 1450, 1449];[164, 1079, 194, 1297, 334, 335, 1585, 513, 1298, 547, 336, 346, 593, 347, 345, 530, 162, 193, 594, 343, 1583, 514, 166, 1501, 165, 167, 1584, 512, 1294, 1302, 1295, 344, 1251, 1296];[1009, 1272, 529, 1273, 1396, 1271, 1252, 1250, 806]
1453;[1454];[];[]
1454;[1453];[];[]
1455;[1456];[];[]
1456;[1455];[];[]
1457;[1458];[];[]
1458;[1457];[];[]
1459;[1460];[];[]
1460;[1459];[];[]
1461;[1462];[];[]
1462;[1461];[];[]
1463;[1464];[];[]
1464;[1463];[];[]
1465;[1466];[];[]
1466;[1465];[];[]
1467;[1468];[];[]
1468;[1467];[];[]
1469;[1470];[];[]
1470;[1469];[];[]
1471;[1472];[];[]
1472;[1471];[];[]
1473;[1474];[];[]
1474;[1473];[];[]
1475;[1477, 1478, 1476];[];[]
1476;[1477, 1478, 1475];[];[]
1477;[1476, 1478, 1475];[];[]
1478;[1477, 1476, 1475];[];[]
1479;[955, 953, 956];[954, 1253, 887, 886, 957, 1254, 1597, 952];[1531, 884, 1594, 1593, 885, 1595, 1596]
1480;[1481];[];[]
1481;[1480];[];[]
1482;[385];[383, 1051, 1034, 1035, 1697, 384, 437];[642, 641, 1050]
1483;[1484];[];[]
1484;[1483];[];[]
1485;[1486];[];[]
1486;[1485];[];[]
1487;[1488];[];[]
1488;[1487];[];[]
1489;[1490];[];[]
1490;[1489];[];[]
1491;[313, 1492, 1076, 707, 133];[1558, 1559, 136, 317, 316, 134, 1029, 318, 315, 1030, 319, 1286, 708, 131, 130, 312, 132, 1070, 1071, 1287, 135, 314];[1261, 1258, 1347, 1260, 1262, 1301, 1259, 1257]
1492;[1491, 313, 1076, 707, 133];[1558, 1559, 136, 317, 316, 134, 1029, 318, 315, 1030, 319, 1286, 708, 131, 130, 312, 132, 1070, 1071, 1287, 135, 314];[1261, 1258, 1347, 1260, 1262, 1301, 1259, 1257]
1493;[1495, 883, 1496, 1494];[474, 475];[]
1494;[1493, 1495, 883, 1496];[474, 475];[]
1495;[1493, 1494, 883, 1496];[474, 475];[]
1496;[1493, 1495, 883, 1494];[474, 475];[]
1497;[1498];[];[]
1498;[1497];[];[]
1499;[1500];[];[]
1500;[1499];[];[]
1501;[163];[164, 1079, 194, 1297, 334, 335, 1585, 513, 1298, 547, 336, 346, 593, 347, 345, 530, 162, 193, 594, 343, 1583, 514, 166, 1448, 165, 1450, 167, 1449, 1451, 1584, 512, 1452, 1294, 1302, 1295, 344, 1251, 1296];[1009, 1272, 529, 1273, 1396, 1271, 1252, 1250, 806]
1502;[1503];[];[]
1503;[1502];[];[]
1504;[1505];[];[]
1505;[1504];[];[]
1506;[1507];[];[]
1507;[1506];[];[]
1508;[1509];[];[]
1509;[1508];[];[]
1510;[1511];[];[]
1511;[1510];[];[]
1512;[1513, 844, 845];[843];[]
1513;[1512, 844, 845];[843];[]
1514;[1515, 1574, 1604];[1573, 289, 1592, 1663];[1353, 288, 354, 287, 355, 1352]
1515;[1514];[1574, 1604];[1573, 289, 1592, 1663]
1516;[1519, 1520, 1518, 766, 1517, 1222];[1215, 1223, 1221, 764, 765];[337, 1218, 1219, 1327, 1216, 1217, 1326, 1220, 1325]
1517;[1518, 1516, 1519, 1520];[766, 1222];[1215, 1223, 1221, 764, 765]
1518;[1516, 1519, 1517, 1520];[766, 1222];[1215, 1223, 1221, 764, 765]
1519;[1518, 1516, 1517, 1520];[766, 1222];[1215, 1223, 1221, 764, 765]
1520;[1518, 1516, 1519, 1517];[766, 1222];[1215, 1223, 1221, 764, 765]
1521;[1522];[];[]
1522;[1521];[];[]
1523;[1524];[];[]
1524;[1523];[];[]
1525;[1526];[];[]
1526;[1525];[];[]
1527;[1528];[];[]
1528;[1527];[];[]
1529;[1530];[];[]
1530;[1529];[];[]
1531;[954, 1594, 1533, 1593, 1595, 1596, 1532, 528];[1253, 956, 955, 957, 953, 1254, 526, 952, 527];[1479, 1413, 1655, 1084, 846, 847, 887, 886, 1597, 1085, 1656]
1532;[1531, 528, 1533];[954, 1595, 1596, 526, 1594, 1593, 527];[1253, 1413, 1655, 1084, 847, 956, 955, 957, 953, 1254, 846, 1085, 952, 1656]
1533;[1531, 528, 1532];[954, 1595, 1596, 526, 1594, 1593, 527];[1253, 1413, 1655, 1084, 847, 956, 955, 957, 953, 1254, 846, 1085, 952, 1656]
1534;[1535];[];[]
1535;[1534];[];[]
1536;[1537];[];[]
1537;[1536];[];[]
1538;[1539];[];[]
1539;[1538];[];[]
1540;[1541];[];[]
1541;[1540];[];[]
1542;[392];[393];[]
1543;[1544];[];[]
1544;[1543];[];[]
1545;[1546];[];[]
1546;[1545];[];[]
1547;[1548];[];[]
1548;[1547];[];[]
1549;[1550];[];[]
1550;[1549];[];[]
1551;[1552];[];[]
1552;[1551];[];[]
1553;[1371, 1370];[];[]
1554;[1555];[];[]
1555;[1554];[];[]
1556;[1557];[];[]
1557;[1556];[];[]
1558;[133, 1559, 134];[318, 315, 1030, 136, 319, 1286, 1491, 708, 707, 317, 316, 1492, 131, 130, 312, 132, 1070, 1071, 313, 1287, 1076, 135, 314, 1029];[1261, 1258, 1347, 1260, 1262, 1301, 1259, 1257]
1559;[133, 1558, 134];[318, 315, 1030, 136, 319, 1286, 1491, 708, 707, 317, 316, 1492, 131, 130, 312, 132, 1070, 1071, 313, 1287, 1076, 135, 314, 1029];[1261, 1258, 1347, 1260, 1262, 1301, 1259, 1257]
1560;[1561];[];[]
1561;[1560];[];[]
1562;[581];[871, 882, 1054, 656, 1055, 870, 580];[]
1563;[1564, 1438];[1437];[]
1564;[1563, 1438];[1437];[]
1565;[1566];[];[]
1566;[1565];[];[]
1567;[1568];[];[]
1568;[1567];[];[]
1569;[1570];[];[]
1570;[1569];[];[]
1571;[1572];[];[]
1572;[1571];[];[]
1573;[1574];[1592, 1604, 1663, 289, 1514];[1515, 1353, 288, 354, 287, 355, 1352]
1574;[1592, 1604, 1663, 1573, 289, 1514];[1515, 1353, 288, 354, 287, 355, 1352];[]
1575;[1576];[];[]
1576;[1575];[];[]
1577;[1581, 1578, 918, 1579, 1580, 1582, 1126];[1127, 1018, 1226, 1021, 1019, 1128, 1124, 1123, 1125, 917, 1017, 1020, 916];[1167, 158, 141, 84]
1578;[1581, 1577, 918, 1579, 1580, 1582, 1126];[1127, 1018, 1226, 1021, 1019, 1128, 1124, 1123, 1125, 917, 1017, 1020, 916];[1167, 158, 141, 84]
1579;[1581, 1577, 1578, 918, 1580, 1582, 1126];[1127, 1018, 1226, 1021, 1019, 1128, 1124, 1123, 1125, 917, 1017, 1020, 916];[1167, 158, 141, 84]
1580;[1581, 1577, 1578, 918, 1579, 1582, 1126];[1127, 1018, 1226, 1021, 1019, 1128, 1124, 1123, 1125, 917, 1017, 1020, 916];[1167, 158, 141, 84]
1581;[1577, 1578, 918, 1579, 1580, 1582, 1126];[1127, 1018, 1226, 1021, 1019, 1128, 1124, 1123, 1125, 917, 1017, 1020, 916];[1167, 158, 141, 84]
1582;[1581, 1577, 1578, 918, 1579, 1580, 1126];[1127, 1018, 1226, 1021, 1019, 1128, 1124, 1123, 1125, 917, 1017, 1020, 916];[1167, 158, 141, 84]
1583;[1585, 1584, 163];[164, 1079, 194, 1297, 334, 335, 513, 1298, 547, 336, 346, 593, 347, 345, 530, 162, 193, 594, 343, 514, 166, 1448, 1501, 165, 1450, 167, 1449, 1451, 512, 1452, 1294, 1302, 1295, 344, 1251, 1296];[1009, 1272, 529, 1273, 1396, 1271, 1252, 1250, 806]
1584;[1585, 1583, 163];[164, 1079, 194, 1297, 334, 335, 513, 1298, 547, 336, 346, 593, 347, 345, 530, 162, 193, 594, 343, 514, 166, 1448, 1501, 165, 1450, 167, 1449, 1451, 512, 1452, 1294, 1302, 1295, 344, 1251, 1296];[1009, 1272, 529, 1273, 1396, 1271, 1252, 1250, 806]
1585;[1584, 1583, 163];[164, 1079, 194, 1297, 334, 335, 513, 1298, 547, 336, 346, 593, 347, 345, 530, 162, 193, 594, 343, 514, 166, 1448, 1501, 165, 1450, 167, 1449, 1451, 512, 1452, 1294, 1302, 1295, 344, 1251, 1296];[1009, 1272, 529, 1273, 1396, 1271, 1252, 1250, 806]
1586;[1587];[];[]
1587;[1586];[];[]
1588;[1589, 574, 432];[523, 642, 1152, 1372, 881, 431, 1151, 575, 430, 573, 1373];[384, 641]
1589;[1588, 574, 432];[523, 642, 1152, 1372, 881, 431, 1151, 575, 430, 573, 1373];[384, 641]
1590;[1591];[];[]
1591;[1590];[];[]
1592;[1574];[1604, 1663, 1573, 289, 1514];[1515, 1353, 288, 354, 287, 355, 1352]
1593;[1531, 954, 1595, 1596, 1594];[1253, 1533, 956, 955, 957, 953, 1254, 952, 1532, 528];[526, 1479, 886, 1597, 527, 887]
1594;[1531, 954, 1595, 1596, 1593];[1253, 1533, 956, 955, 957, 953, 1254, 952, 1532, 528];[526, 1479, 886, 1597, 527, 887]
1595;[1531, 954, 1596, 1594, 1593];[1253, 1533, 956, 955, 957, 953, 1254, 952, 1532, 528];[526, 1479, 886, 1597, 527, 887]
1596;[1531, 954, 1595, 1594, 1593];[1253, 1533, 956, 955, 957, 953, 1254, 952, 1532, 528];[526, 1479, 886, 1597, 527, 887]
1597;[955, 953, 952];[954, 1479, 956, 887, 886, 957];[1531, 884, 1253, 1594, 1593, 885, 1254, 1595, 1596]
1598;[1006, 1601, 1599, 1600];[1421, 1676, 1678, 1005, 1420, 1630, 1419, 1677];[85, 84]
1599;[1006, 1598, 1676, 1678, 1630, 1601, 1600, 1677];[1420, 1421, 1005, 1419, 84, 85];[1127, 158, 1090, 141, 1094, 1093, 1091, 1095, 1096, 945, 1167, 1092]
1600;[1006, 1598, 1601, 1599];[1421, 1676, 1678, 1005, 1420, 1630, 1419, 1677];[85, 84]
1601;[1006, 1598, 1599, 1600];[1421, 1676, 1678, 1005, 1420, 1630, 1419, 1677];[85, 84]
1602;[1603];[];[]
1603;[1602];[];[]
1604;[1574, 1514];[1515, 1592, 1663, 1573, 289];[1353, 288, 354, 287, 355, 1352]
1605;[1606, 266];[630, 631, 672, 837, 923, 267, 633, 838, 671, 632];[1311]
1606;[266, 1605];[630, 631, 672, 837, 923, 267, 633, 838, 671, 632];[1311]
1607;[1609, 1608, 111];[1010, 1012, 710, 1025, 1024, 1237, 109, 1026, 1011, 1027, 1200, 1028, 110, 704, 709];[1048, 1047, 703, 1049]
1608;[1609, 1607, 111];[1010, 1012, 710, 1025, 1024, 1237, 109, 1026, 1011, 1027, 1200, 1028, 110, 704, 709];[1048, 1047, 703, 1049]
1609;[1607, 1608, 111];[1010, 1012, 710, 1025, 1024, 1237, 109, 1026, 1011, 1027, 1200, 1028, 110, 704, 709];[1048, 1047, 703, 1049]
1610;[1611];[];[]
1611;[1610];[];[]
1612;[1614, 1617, 1616, 1613, 1615];[];[]
1613;[1614, 1617, 1616, 1612, 1615];[];[]
1614;[1617, 1616, 1613, 1612, 1615];[];[]
1615;[1614, 1617, 1616, 1613, 1612];[];[]
1616;[1614, 1617, 1613, 1612, 1615];[];[]
1617;[1614, 1616, 1613, 1612, 1615];[];[]
1618;[1619];[];[]
1619;[1618];[];[]
1620;[1621];[];[]
1621;[1620];[];[]
1622;[1623];[];[]
1623;[1622];[];[]
1624;[1625];[];[]
1625;[1624];[];[]
1626;[1627];[];[]
1627;[1626];[];[]
1628;[831, 337, 833, 1629];[128, 1238, 331, 125, 832, 1325, 1284, 1326, 892, 1221, 232, 1327];[126, 1218, 1219, 330, 231, 129, 516, 1243, 1222, 1215, 127, 1223, 1216, 1217, 1220]
1629;[831, 337, 1628, 833];[128, 1238, 331, 125, 832, 1325, 1284, 1326, 892, 1221, 232, 1327];[126, 1218, 1219, 330, 231, 129, 516, 1243, 1222, 1215, 127, 1223, 1216, 1217, 1220]
1630;[1006, 1599, 1676, 1678, 85, 84, 1677];[1127, 1090, 1421, 1094, 141, 1167, 1091, 1092, 1419, 1601, 1600, 158, 1598, 1093, 1005, 1095, 1096, 1420, 945];[156, 261, 231, 142, 260, 259, 157, 155, 1128, 1123, 1125, 1124, 1126, 159, 944]
1631;[1632];[];[]
1632;[1631];[];[]
1633;[1634];[];[]
1634;[1633];[];[]
1635;[1637, 1636];[];[]
1636;[1635];[1637];[]
1637;[1635];[1636];[]
1638;[1639];[];[]
1639;[1638];[];[]
1640;[649, 1440, 1641];[648, 650, 651, 1441, 1439];[]
1641;[649, 1440, 1640];[648, 650, 651, 1441, 1439];[]
1642;[1643];[];[]
1643;[1642];[];[]
1644;[1645, 1646];[];[]
1645;[1644, 1646];[];[]
1646;[1644, 1645];[];[]
1647;[1648];[];[]
1648;[1647];[];[]
1649;[1650];[];[]
1650;[1649];[];[]
1651;[1653, 1652, 1654];[];[]
1652;[1653, 1651, 1654];[];[]
1653;[1654, 1651, 1652];[];[]
1654;[1653, 1651, 1652];[];[]
1655;[846, 1084, 1085, 527, 1656];[1413, 1434, 528, 847, 526];[1531, 1533, 1532]
1656;[846, 1655, 1084, 1085, 527];[1413, 1434, 528, 847, 526];[1531, 1533, 1532]
1657;[1658];[];[]
1658;[1657];[];[]
1659;[1660];[];[]
1660;[1659];[];[]
1661;[1662];[];[]
1662;[1661];[];[]
1663;[1574, 289];[288, 1573, 1514, 1352, 1592, 1604, 1353, 354, 287, 355];[1515]
1664;[1665];[];[]
1665;[1664];[];[]
1666;[1667];[];[]
1667;[1666];[];[]
1668;[1669];[];[]
1669;[1668];[];[]
1670;[1671];[];[]
1671;[1670];[];[]
1672;[1673];[];[]
1673;[1672];[];[]
1674;[1675];[];[]
1675;[1674];[];[]
1676;[1006, 1599, 1630, 1678, 1677];[1421, 1598, 1419, 1005, 85, 84, 1420, 1601, 1600];[1127, 158, 1090, 1094, 1092, 1093, 141, 1095, 1096, 945, 1167, 1091]
1677;[1006, 1599, 1630, 1676, 1678];[1421, 1598, 1419, 1005, 85, 84, 1420, 1601, 1600];[1127, 158, 1090, 1094, 1092, 1093, 141, 1095, 1096, 945, 1167, 1091]
1678;[1006, 1599, 1630, 1676, 1677];[1421, 1598, 1419, 1005, 85, 84, 1420, 1601, 1600];[1127, 158, 1090, 1094, 1092, 1093, 141, 1095, 1096, 945, 1167, 1091]
1679;[1680];[];[]
1680;[1679];[];[]
1681;[1682];[];[]
1682;[1681];[];[]
1683;[1684];[];[]
1684;[1683];[];[]
1685;[1686];[];[]
1686;[1685];[];[]
1687;[1688];[];[]
1688;[1687];[];[]
1689;[644, 1690];[1317, 1313, 1315, 645, 643, 1312, 1316, 647, 1314, 646];[]
1690;[644, 1689];[1317, 1313, 1315, 645, 643, 1312, 1316, 647, 1314, 646];[]
1691;[1692];[];[]
1692;[1691];[];[]
1693;[1694];[];[]
1694;[1693];[];[]
1695;[1696];[];[]
1696;[1695];[];[]
1697;[385];[383, 1051, 1034, 1482, 1035, 384, 437];[642, 641, 1050]
1698;[1701, 1705, 1700, 1703, 1699, 1704, 1702];[];[]
1699;[1701, 1705, 1700, 1698, 1703, 1704, 1702];[];[]
1700;[1701, 1705, 1698, 1703, 1699, 1704, 1702];[];[]
1701;[1698, 1705, 1700, 1703, 1699, 1704, 1702];[];[]
1702;[1701, 1705, 1700, 1703, 1699, 1704, 1698];[];[]
1703;[1701, 1705, 1700, 1698, 1699, 1704, 1702];[];[]
1704;[1701, 1705, 1700, 1703, 1699, 1702, 1698];[];[]
1705;[1701, 1698, 1700, 1703, 1699, 1704, 1702];[];[]
1706;[1707];[];[]
1707;[1706];[];[]
1708;[207, 818];[210, 878, 213, 363, 819, 365, 876, 206, 212, 214, 592, 877, 1336, 211, 364, 861];[577, 576, 441, 209]
1709;[1710];[];[]
1710;[1709];[];[]
1711;[1712, 1713];[];[]
1712;[1713, 1711];[];[]
1713;[1712, 1711];[];[]
1714;[1715];[];[]
1715;[1714];[];[]
1716;[1717];[];[]
1717;[1716];[];[]
1718;[1719];[];[]
1719;[1718];[];[]
1720;[1721];[];[]
1721;[1720];[];[]
