id;name
0;STRÖMBERG, PHILIP
1;BLOMKVIST KARLSSON, VERA
2;RENMAN, CASPER
3;FRISTEDT, HAMPUS
4;ISHII, SHOTARO
5;LJUNGGREN, DAVID
6;BAJALLAN, REBWAR
7;HASHI, BURHAN
8;FREDRIKSON, RASMUS
9;DAHL, JONAS
10;TASKIN, KASIM
11;DINLER, MUSTAFA
12;SALMAN, ALZAHRAA
13;HANNA, ROUWAYD
14;ANDERSSON, PETTER
15;WÖRLUND, ROBERT
16;HAGLUND, ISAC
17;JOHANSSON, LISA
18;ALAM, JOY
19;LJUNGEHED, JESPER
20;BESSELING, JOHAN
21;RENSTRÖM, ANDERS
22;FORSBERG, TOM-HENRIK
23;SUNDSTRÖM, JOHAN
24;LARSSON, MATTIAS
25;KIRICHENKO, DAN
26;RANDLEFF, VERONICA
27;SCHWERMER, PATRIK
28;STREIJFFERT, NILS
29;TEGELMARK, FRANS
30;SUNDLÖF, CLAUDIUS
31;KRANTZ, GUSTAV
32;SVEBRANT, HENRIK
33;SVANBERG, JOHN
34;GUNÉR, GUSTAF
35;HAIDER, ADIBBIN
36;VARATHARAJAH, THUJEEPAN
37;VICTOR, ERIKSSON
38;WEDIN, MATTIAS
39;BENGTSSON, ISAK
40;RAKSANYI, EMIL
41;DACKANDER, ERIK
42;NOLANDER, CHRISTOFER
43;STRÖMDAHL, AMANDA
44;MARRIKIE, RAMI
45;RACHED, WALED
46;LARSSON, THIMMY
47;WEDIN, JONAS
48;BURVALL, BENJAMIN
49;OLEGÅRD, JOHANNES
50;BJÖRCK, ERIK
51;OMSTEDT, FREDRIK
52;ALVAEUS, EDVIN
53;LINDÉN, LUDVIG
54;KJELLBERG, GUSTAV
55;KÄLVEGREN, HENRIK
56;KLAESSON, ERIC
57;DAHLIN, VICTOR
58;LUNDHOLM, JESPER
59;LEDÉUS, JOHAN
60;ACHARYA, JALDEEP
61;FRÖBERG, LUDVIG
62;ÖSTLING, MARCUS
63;LILJA, JOAKIM
64;JAFARI, MIKAEL
65;OLBE, JOEL
66;TABARI, MICHEL
67;SULTANI, RAWAND
68;ANDERSSON, OSKAR
69;REYNA MARQUEZ, STEFFANY
70;LUNDQVIST, MELVIN
71;FORSBERG, AGNES
72;SÖRME, JACOB
73;EDWARDS, TOBIAS
74;HEYMAN, HUGO
75;BRANDEFELT, LOVE
76;SCHWALBE LEHTIHET, OLIVER
77;ÅRYD, VIKTOR
78;BORG, CAROLINE W.
79;DACKEBRO, ERIK
80;JAGELID, MICHELLE
81;MOVIN, MARIA
82;GRANSKOG, TIM
83;STRIGÉR, AMANDA
84;PODOBAS, ARTUR
85;BRORSSON, MATS
86;ENGELHARDT, SARA
87;HANSSON, EMMELI
88;EFFATI, SHAYAN
89;ALIPOOR, DONIA
90;AVELLAN-HULTMAN, DAVID
91;GUNNBERG QUERAT, EMIL
92;ANDERSSON, VILHELMINA
93;SELLER FREDLUND, JOHAN
94;ADAMSSON, MARCUS
95;VORKAPIC, ALEKSANDAR
96;BHAT, SRIHARSHA
97;TORROBA, IGNACIO
98;ÖZKAHRAMAN, ÖZER
99;BORE, NILS
100;SPRAGUE, CHRISTOPHER
101;XIE, YIPING
102;STENIUS, IVAN
103;SEVERHOLT, JOSEFINE
104;LJUNG, CARL
105;FOLKESSON, JOHN
106;ÖGREN, PETTER
107;BLOMQVIST, NIKLAS
108;HYGERTH, HENRIK
109;ZAMANISIBONI, AMIRREZA
110;OECHTERING, TOBIAS J.
111;SKOGLUND, MIKAEL
112;LAPTEV, IVAN
113;LINDEBERG, TONY
114;MO, FAN
115;CHAPLIN, JACK C.
116;SANDERSON, DAVID
117;REHMAN, HAMOOD UR
118;MONETTI, FABIO MARCO
119;MAFFEI, ANTONIO
120;RATCHEV, SVETAN
121;BERGLUND, ERIK
122;SCHYFFERT, JANNE
123;JIN, JUNCHEN
124;MA, XIAOLIANG
125;BAUMANN, CHRISTOPH
126;NÄSLUND, MATS
127;GEHRMANN, CHRISTIAN
128;SCHWARZ, OLIVER
129;THORSEN, HANS
130;BARBETTE, TOM
131;TANG, CHEN
132;YAO, HAORAN
133;KOSTIC, DEJAN
134;MAGUIRE JR., GERALD Q.
135;PAPADIMITRATOS, PANAGIOTIS
136;CHIESA, MARCO
137;SANDSTRÖM, JESPER
138;OHLSSON, JONATHAN
139;BROMMUND, ANDREAS
140;SKEPPSTEDT, DAVID
141;JANSSON, NICLAS
142;HOFFMAN, JOHAN
143;MEINKE, KARL
144;NIU, FEI
145;OLOFSSON, NINA
146;FAKIH, NIVIN
147;BASKIN, FEDOR
148;SCOTT-ROBBERT, EMIL
149;GREN, OLAF
150;MAGNUSSON, DENNIS
151;HALLSTRÖM, ERIC
152;HELLSTENIUS, SASHA
153;SVANTESSON, DAVID
154;EKLUND, MARTIN
155;IAKYMCHUK, ROMAN
156;JORDAN, HERBERT
157;PENG, IVY BO
158;MARKIDIS, STEFANO
159;LAURE, ERWIN
160;HYYRYNEN, FREDRIK
161;LIGNERCRONA, MARCUS
162;KIM, HOKEUN
163;BROMAN, DAVID
164;LEE, EDWARD A
165;ZIMMER, MICHAEL
166;SHRIVASTAVA, AVIRAL
167;OH, JUNKWANG
168;FISCHER HORN AF RANTZIEN, DOUGLAS
169;WEIGELT, CHRISTIAN
170;LARSEN, CAROLINE
171;RYMAN, ELIN
172;STENSÖ, ISAK
173;ROSENBACK, ANDREAS
174;GRIGGIO, CARLA
175;ROMERO, MARIO
176;GRADOS, FIORELLA
177;MOHAMMADI, AREF
178;JOHANSSON, JONAS
179;RUNNMAN, KENNETH
180;BLOM, ALEXANDER
181;THORSEN, SOFIE
182;SCHWIELER, MATHILDA
183;FREDIN HASLUM, ERIC
184;OLBY, LINNEA
185;THOMANDER, ISABEL
186;KOSONEN, IISAKKI
187;WONG, BONNY
188;BOLDT-CHRISTMAS, AXEL
189;RIESCHEL, EMILIA
190;NILSSON, EMM
191;ALNESS BORG, AXEL
192;ENSTRÖM, MARCUS
193;KANG, EUNSUK
194;EDWARD, LEE
195;MAKENZIUS, MICAEL
196;BYLERIUS, JONAS
197;CAKICI, BAKI
198;BOMAN, MAGNUS
199;CARLSSON, TOBIAS
200;STRÖMBERG, OSKAR
201;L I N D B L O M, M A T H I A S
202;W I E N E R, L U C A S
203;QUEZADA CRUZ, PATRICIO IGNACIO
204;FALK, PONTUS
205;QUEZADA, IGNACIO
206;BJÖRKMAN, MÅRTEN
207;KRAGIC, DANICA
208;BRUNNSTRÖM, KJELL
209;EKLUNDH, JAN-OLOF
210;KRAVCHENKO, ALEXANDER
211;MARCHETTI, GIOVANNI LUCA
212;POLIANSKII, VLADISLAV
213;VARAVA, ANASTASIIA
214;POKORNY, FLORIAN T.
215;GÓMEZ, PAULA
216;DO, ELLEN YI-LUEN
217;KAZZI, DANIEL ALEXANDER
218;WINBERG, VINCENT
219;FRÖBERG, TOBIAS
220;NORDSTRÖM, LUDWIG
221;PIERROU, CAJSA
222;MALMSTRÖM, OSKAR
223;TRUEDSSON, MAX
224;WESTERGREN, ERIK
225;RINGSTRÖM1, VINCENT
226;ALVAREZ FUNCKE, ILEY
227;AFROZE, TONIMA
228;ROSÉN GARDELL, MOA
229;BROKKING, ALEXANDER
230;WINK, MICHAEL
231;SOLEIMANIFARD, SIAVASH
232;GUROV, DILIAN
233;GROZMAN, VLADIMIR
234;NORMAN, CHRISTOPHER
235;SÖDERBERG, ERIC
236;RÅHLÉN, JAKOB
237;KIDANE, PAULOS
238;BONDS, AUGUST
239;WASS, MARTIN
240;WANG, THOMAS
241;DESPINOY, EVA
242;NARROWE DANIELSSON, SARAH
243;TELL, NOAH
244;THUN, ANTON
245;KAMRAS, LUDWIG
246;MATSLOVA, WILLIAM
247;HASSAN, ABDALLAH
248;SYED, ARSALAN
249;WILTSCHI, K.
250;PINZ, A.
251;DANELL HÅKANSSON, AUGUST
252;JOHNSSON, MIRJA
253;WESTLIN, CAROLINA
254;MÅRTENSSON, ANDREAS
255;NILSSON, WILLIAM
256;ARVIDSSON, JAKOB
257;ALINDER, HELENA
258;NILSSON, JOSEFIN
259;CHIEN, STEVEN WEI DER
260;SISHTLA, CHAITANYA PRASAD
261;JUN, ZHANG
262;BELLEM WESTIN, HUGO
263;SHI, KAROLINA
264;MILD, MARKUS
265;MÄÄTTÄ  VINKLER, ALEXIS
266;BRYNIELSSON, JOEL
267;ARNBORG, STEFAN
268;WIPPICH, MAX
269;MICKOLS, KRISTIN
270;VUONG, HARRY
271;LILJEGREN, SYLWESTER
272;ELIN, KARAGÖZ
273;ALICE, HEAVEY
274;HEISKANEN, ANDREAS
275;JOHANSSON, ERIK
276;MATTILA, MAX
277;SALMAN, HASSAN
278;EKNE, SAMUEL
279;GYLLEUS, KARL
280;LIDBERG, PÄR
281;ROLAND, PER
282;LIDBERG, PER
283;LUTTU, JOHAN
284;ROSQUIST, OSCAR
285;KOSKI, ALEXANDER
286;PERSSON, JENNIFER
287;WESTER, PHILIP
288;HEIDING, FREDRIK
289;LAGERSTRÖM, ROBERT
290;PETTERSSON, LARS
291;LUNDELL JOHANSSON, CHRISTOFFER
292;KOLLIN, FELIX
293;BAVEY, ADEL
294;MUIR, MACAULLY
295;WIKSTRÖM, JOHAN
296;NILSSON, OSCAR
297;YNGWE, NOEL
298;OLDENSAND, VICTOR
299;HAGLUND, SIMON
300;FRIDSTRÖM, HENRIK
301;SJÖBERG, LINUS
302;BERGMAN, AUGUST
303;ERICSSON, SONJA
304;MEJDI, SAMI
305;DJOWEINI, CAMJAR
306;GARTZ, MADELEINE
307;LINDERBRANDT, IDA
308;LINDHOLM, TIMMY
309;JONNERBY, OLOF
310;BLOMQVIST, FREDRIK
311;HULTCRANTZ, EMIL
312;ANDERSON, THOMAS
313;CANINI, MARCO
314;KIM, JONGYUL
315;KWON, YOUNGJIN
316;PETER, SIMON
317;REDA, WALEED
318;SCHUH, HENRY
319;WITCHEL, EMMETT
320;YADAV, RITU
321;NASCETTI, ANDREA
322;BAN, YIFANG
323;DEL TEJO CATALÁ, OMAR
324;MASIÁ FUSTER, LUIS
325;PAN, TIANYANG
326;VERGINIS, CHRISTOS
327;WELLS, ANDREW
328;KAVRAKI, LYDIA
329;DIMAROGONAS, DIMOS V.
330;ANSIN, RASMUS
331;LUNDBERG, DIDRIK
332;SJÖBERG, JONAS
333;NISSAR, HUGO
334;LUNDÉN, DANIEL
335;ÇAYLAK, GIZEM
336;RONQUIST, FREDRIK
337;DAM, MADS
338;MAYER, H.
339;ECKSTEIN, W.
340;STEGER, C.
341;BAUMGARTNER, A.
342;LI, MENG-XIANG
343;JONSSON, LEIF
344;MAGNUSSON, MÅNS
345;SANDAHL, KRISTIAN
346;VILLANI, MATTIAS
347;ELDH, SIGRID
348;LISON, P.
349;MEENA, RAVEESH
350;GUNNING, CHRISTOFFER
351;FORSLUND, DANIEL
352;HENDERED, VICTORIA
353;JÖNSSON, AUGUST
354;VÄLJA, MARGUS
355;FRANKE, ULRIK
356;WELANDER, SONJA
357;FISCHER, EVELINA
358;TARELIUS, THERESE
359;KOTZEV, LUBOMIR
360;ROLLEBERG, NIKLAS
361;EVILEVITCH, ANTON
362;INGRAM, ROBERT
363;REICHLIN, ALFREDO
364;YIN, HANG
365;GHADIRZADEH, ALI
366;HELDNER, MATTIAS
367;HJALMARSSON, ANNA
368;EDLUND, JENS
369;NILSSON, ELLIOT
370;WENSINK, LIZA
371;YIN, EMMY
372;WIJK, KLAS
373;SVEDIN, MARTIN
374;GEUNA, TROLLE
375;NILSSON, ANDREAS
376;SPÅNG, ANTON
377;BROLIN ECHEVERRIA, PAOLO
378;WESTERMARK, JOAKIM
379;GEDIN, SEBASTIAN
380;HOLM, JAKOB
381;BERG, JOHAN
382;MEBRAHTU REDI, DANIEL
383;WANG, PO-AN
384;TZENG, RUO-CHUN
385;PROUTIERE, ALEXANDRE
386;ERGENEKON, EMRE BERGE
387;ERIKSSON, PETTER
388;LÖVMAR, ANTON
389;CLASSON, PER
390;MELANDER, ANTON
391;HALVORD, ERIK
392;JOHANSSON, TOM
393;CHARPENTIER, VIKTOR
394;HUANG, SHUN
395;CARLSSON, JACOB
396;KULTALA, HENRIK
397;PERSSON, SIMON
398;KARLSSON, RAGNHILD
399;ERIKSSON, MIKAEL
400;VAN HOOVELS, KEVIN
401;XUAN, XING
402;CUARTERO, MARIA
403;GIJSSEL, MAARTEN
404;SWAREN, MIKAEL
405;CRESPO, GASTON A.
406;OSNES, SIMON
407;BERG, AMANDA
408;NEPPARE, CHRISTOFFER
409;BLOMBERG, PONTUS
410;MANN, ANNA
411;HÖFT, OLIVIA
412;PETTERSSON, CHRISTOFFER
413;SCHMIDT, ERIC
414;VIKLUND, ALEXANDER
415;NIMSTAD, EMMA
416;KOTTORP, MAX
417;JÄDERBERG, FILIP
418;VALLERYD, MATILDA
419;ASKLING, THERESE
420;MALMGREN, MAX
421;ÅHAMMAR, ULF
422;WILTSCHI, KLAUS
423;PINZ, AXEL
424;NORDSTRÖM, RICHARD
425;TÄNGMARK, ANNIKA
426;JAVANMARDI, RAMTIN
427;REHMAN, DAWOOD
428;TUMWA, PHILIP
429;MÖTTUS, SANDRA
430;ROY, DEBADITYA
431;KOMINI, VANGJUSH
432;GIRDZIJAUSKAS, SARUNAS
433;SEGERSVÄRD, OSKAR
434;SÅNGBERG, DENNIS
435;PERS, AXEL
436;ORRE, ADAM
437;LU, CHI JEN
438;LINDGREN, LEONARD
439;KVASOV, MAXIM
440;SHARIF RAZAVIAN, ALI
441;AZIZPOUR, HOSSEIN
442;SULLIVAN, JOSEPHINE
443;CARLSSON, STEFAN
444;TYSELL SUNDKVIST, LEIF
445;PERSSON, EMIL
446;LORENTZ, ROBERT
447;EK, OSKAR
448;SVÄRD, MIKAEL
449;RUMMAN, PHILIP
450;SOMMAR, FREDRIK
451;WIELONDEK, MILOSZ
452;LÖWBEER, RIKARD
453;GÖRANSSON, EMIL
454;UGGELBERG, RICHARD
455;LUNDBLOM, ANDREAS
456;LILLTHORS, CHRISTOPHER
457;PHILIPSON, SAMUEL
458;ROOS, QUINTUS
459;LILLIESKÖLD, WILLIAM
460;LUNDIN, LARS
461;DATH, CARL
462;PERSSON, MAX
463;DABIRI, ARASH
464;BROBERG, FELIX
465;ERIKSSON, EMELIE
466;ERIKSSON, OLIVER
467;LINDBLOM, WILLIAM
468;ODELIUS, NORA
469;REINHOLDSSON, ISAK
470;LE, TONY
471;KARLBERG, PONTUS
472;HOCKER, SIMON
473;HAMMARSTRAND, ANDREAS
474;ALEKSEENKO, ANDREY
475;PALL, SZILARD
476;DE BLASIO, SIMONE
477;EKSTEDT KARPERS, FREDRIK
478;GYLLENRAM, JONATHAN
479;GISSLÉM, FREDRIK
480;SANNEMO, JOHAN
481;LINDHOLM, SIMON
482;JONSSON SJÖDIN, ADRIAN
483;LUNDQVIST, ALEXANDER
484;HANEKLINT, CARL
485;JOO, YO HAN
486;WÅREUS, LINUS
487;WÄLLSTEDT, MAX
488;HANSJONS VEGEBORN, VICTOR
489;RAHMANI, HAKIM
490;ANDERSSON, RASMUS
491;TJERNELL, ERICA
492;SANDELIUS, HUGO
493;FORSELL, SIMON
494;WICKMAN, TOMAS
495;ÖHMAN, EMIL
496;LINDBERG, ADAM
497;GERHOLM, GUSTAV
498;DUBERG, DANIEL
499;TIDESTRÖM, JAKOB
500;KRATZ, JAKOB
501;LUTHMAN, VIKTOR
502;KARLSSON, HERMAN
503;WILLIAMS, SEBASTIAN
504;ADZEMOVIC, HARIS
505;SANDOR, ALEXANDER
506;BOSTRÖM, PETER
507;FILIPSSON, MELKER
508;JANSE, AUGUST
509;REDGERT, REBECCA
510;ROMULD, DANIEL
511;RUHMÉN, MARKUS
512;ÖHMAN, JOEY
513;KUDLICKA, JAN
514;SENDEROV, VIKTOR
515;LINDE, OSKAR
516;SCHAEFER, INA
517;BERGDORF, JOHAN
518;NORMAN, JESPER
519;ÅSLUND, JACOB
520;DAHLIN, ANTON
521;SAMUELSSON, AXEL
522;HELLGREN, ROBIN
523;SOCOLOVSCHI, SERGHEI
524;BWOGI, ANDREW
525;DAGDELEN, TUNCAY
526;KAMELABAD, ALIREZA M.
527;ENGWALL, OLOV
528;SKANTZE, GABRIEL
529;ZHAO, XIN
530;HALLER, PHILIPP
531;INGEMARSSON, GABRIEL
532;KODET, RICKARD
533;SETTERQUIST, DAN
534;SKEPPSTEDT, PETER
535;EDLUND, JOAKIM
536;BERNTSSON, FREDRIK
537;FOKIN, DENNIS
538;HAGROT, JOEL
539;LINDSTEDT, GUSTAF
540;RUNELÖV, MARTIN
541;ERICSSON, ANDREAS
542;DÖRINGER KANA, FILIP
543;NIKOU, ALEXANDROS
544;TUMOVA, JANA
545;BHATNAGAR, KUNAL
546;EKNER, GUSTAV
547;BORGSTRÖM, JOHANNES
548;ISACSON, JONAS
549;LINDBLOM, EMIL
550;LUNDSTRÖM, ANDERS
551;FERNAEUS, YLVA
552;WINDLIN, CHARLES
553;BOGDAN, CRISTI
554;EKLUND, ANNA
555;JACOBSSON, SOFIA
556;BOUVIN, DANIEL
557;HAMBERG, ERIK
558;ÖSTLUND, FREDRIK
559;FAHLMAN, ERIK
560;CORCORAN, DIARMUID
561;ANDIMEH, LOGMAN
562;ERMEDAHL, ANDREAS
563;KREUGER, PER
564;SCHULTE, CHRISTIAN
565;GÜRDÜR, DIDEM
566;RAIZER, KLAUS
567;EL-KHOURY, JAD
568;BONINO QUINTANA, JOAQUIN
569;FAGERLIND, SEBASTIAN
570;BOSKOS, DMITRIS
571;JOSILO, SLADANA
572;DAN, GYÖRGY
573;ALKATHIRI, ABDUL AZIZ
574;GIARETTA, LODOVICO
575;SAHLGREN, MAGNUS
576;GAMBA, MATTEO
577;ENGLESSON, ERIK
578;KARLBRG, TOBIAS
579;MALMGREN, JENNIFER
580;CUMBANE, SILVINO PEDRO
581;GIDOFALVI, GYÖZÖ
582;FINNMAN, PETER
583;WINBERG, MAX
584;BABIKER, AYAH
585;BASTA, TINA
586;HELLSTRÖM, PER
587;JACCOPUCCI, VICTOR
588;ALENSKOG BERG, CHRISTOFFER
589;TOMSIC, NIKLAS
590;LIND, EMMA
591;STAHRE, MATTIAS
592;POKLUKAR, PETRA
593;MURRAY, LAWRENCE
594;SCHÖN, THOMAS
595;JÄGBERG, ISAK
596;STICHEL, MATS
597;JANSSON, LUDVIG
598;ENGSTRÖM, ROBIN
599;ANDRÉE, JONAS
600;PETERS, CHRISTOPHER
601;THURESSON, BJÖRN
602;KÄRRBY, ANDREAS
603;TENNANDER, MAJA
604;JAMIL AHSAN, ADNAN
605;LANDBERG, DANIEL
606;STIGEBORN, OLIVIA
607;WALLBERG, FRIDA
608;GRIPPE, EDWARD
609;LÖNNERBERG, MATTIAS
610;SAHINDAL, BORAN
611;HAMRA, SAM
612;BÄCKSTRÖM, SANDRA
613;FREDIN HASLUM, JOHAN
614;BROLIN, MORGAN
615;LEDIN, ERIK
616;WENNLÖF, HÅKAN
617;KARIPIDOU, KELLY
618;BRODIN, RASMUSS
619;LINDEMALM, KLARA
620;DAHL, JOHAN
621;CERDA, BENJAMIN
622;MOGADDAM, ANTON
623;MUHAMMAD, KHAN
624;AMGREN, PONTUS
625;OLAUSSON, EMIL
626;IBRAHIM, AHMEDHADI BASHIR
627;ALSHIKHA, BESHER
628;BADAR, MIAN
629;THAKRAR, NIKHIL
630;HORNDAHL, ANDREAS
631;KAATI, LISA
632;MÅRTENSON, CHRISTIAN
633;SVENSON, PONTUS
634;HEIMISDÓTTIR, HRAFNDÍS BRÁ
635;SKÄRBY, JILL
636;ANDREASSON, ALBIN
637;MELLBERG, ROBERT
638;GÅRDING, JONAS
639;BERGHOLM, MARCUS
640;KRONVALL, VIKTOR
641;ORDOZGOITI, BRUNO
642;GIONIS, ARISTIDES
643;CHOI, EUN-HYE
644;ARTHO, CYRILLE
645;KITAMURA, TAKASHI
646;MIZUNO, OSAMU
647;YAMADA, AKIHISA
648;KLAUCK, HARTMUT
649;NA NONGKAI, DANUPON
650;PANDURANGAN, GOPAL
651;ROBINSON, PETER
652;ABDLWAFA, ALAN
653;EDMAN, HENRIK
654;FRIBERG, OSCAR
655;ENGLESSON, BJÖRN
656;SAQIB, EHSAN
657;HÖSTKLINT, NIKLAS
658;LARSSON, JESPER
659;OLSSON, ANNA
660;NORDLÖF, DENISE
661;BAKHSHIYEVA, AFRUZ
662;BEREFELT, GABRIEL
663;WEST, BALTHAZAR
664;WENGELIN, MARCUS
665;LI, LISA
666;VYTH, JAKOB
667;KNOWLES, OSCAR
668;PETERSON, CARL
669;LINDBERG, JOAKIM
670;STEIER, MARTIN
671;LINDQUIST, SINNA
672;LUOTSINEN, LINUS
673;FALL, JAKOB
674;KLINC, REBECCA
675;ELIASSON, PHILIP
676;ROSÉN, NIKLAS
677;AXELSSON, JOHANNA
678;BERNELIND, SARAH
679;CEDER, FREDERICK
680;NORDIN, ALEXANDRA
681;JANSSON, ANTON
682;UGGLA LINGVALL, KRISTOFFER
683;BLADES, CHRISTOFFER
684;BOYRAZ, FILIZ
685;SJÖHOLM, THOMAS
686;KARLBOM, DAVID
687;GRENFELDT, MATTIAS
688;OLOFSSON, ASTA
689;KARLSSON, JESPER
690;VAN WAVEREN, SANNE
691;PEK, CHRISTIAN
692;TORRE, ILARIA
693;LEITE, IOLANDA
694;DEKA, SHANKAR A.
695;PHODAPOL, SUJET
696;GIMENEZ, ANDREU MATOSES
697;FERNANDEZ-AYALA, VICTOR NAN
698;WONG, RUFUS
699;YU, PIAN
700;TAN, XIAO
701;SEGERSTRÖM, PIERRE
702;BOLTSHAUSER, FELIX
703;SASAHARA, HAMPEI
704;SANDBERG, HENRIK
705;DAHLGREN, CHRISTOFFER
706;GRAHN, SEBASTIAN
707;PERESINI, PETER
708;KUZNIAR, PETER
709;RABI, MABEN
710;JOHANSSON, KARL HENRIK
711;FLOREZ CARDENAS, MATEO
712;ACAR, GABRIEL
713;BOMAN, JOAKIM
714;VOLMINGER, ALEXANDER
715;RUNHEM, LOVISA
716;SCHULZE, FILIP
717;VATN, NIKLAS
718;BYSTRÖM, JULIA
719;LIU, WILLY
720;PARHIZGAR, DANIEL
721;NORELIUS, JENNY
722;TACCHI, ANTONELLO
723;SVENSSON, ERIK R.
724;LAGERQVIST, KLAS
725;SALAM PATROUS, ZIAD
726;NAJAFI, SAFIR
727;JARWALLI, SABA
728;ESTEBAN, MASAYA
729;PERNLER, EMIL
730;VAINIO, LEO
731;SUNDIN, HANNES
732;JOSEFSSON, JAKOB
733;LÖVSTRÖM, ANTON
734;STEEN, ANDERS
735;VON GEGERFELT, ANGELINA
736;KLINGESTEDT, KASHMIR
737;AHLSTRAND, EDWIN
738;ABRAHAMSSON, MÅNS
739;ALKAZAZ, AYHAM
740;SAADO KHAROUKI, MARWA
741;HELLBERG, SIMON
742;HOLLIDT, DOMINIK
743;LIDFELDT, GUSTAF
744;HASSBRING, ISAK
745;LINDQVIST, NIKLAS
746;PRICE, THONY
747;NYGREN, RASMUS
748;PETKOV, ALEKS
749;STIERNBORG, SEBASTIAN
750;ERVIK, SARA
751;DANG, ROBIN
752;NILSSON, ANDERS
753;BEHNAM, HUMAM
754;MIRZAIAN, ARTIN
755;AL-QAYSI, BASHAR
756;BJÖRK, SARA
757;EKBLAD VOLTAIRE, FANNY
758;MANNBERG, NOAH
759;JONSSON, TIM
760;TAPPER, ISABELLA
761;ROSBACKE, M.
762;BJÖRKMAN, E.
763;ROLAND, P. E.
764;RODRÍGUEZ-CANO, GUILLERMO
765;GRESCBACH, BENJAMIN
766;BUCHEGGER, SONJA
767;TEGELUND, BJÖRN
768;ONORI, MAURO
769;SEMERE, DANIEL
770;LINDBERG, BENGT
771;JAGELID, NICOLE
772;KINDBERG, LUDVIG
773;NYMAN, NICK
774;POSTIGO SMURA, MICHEL
775;RAGNAR, NICLAS
776;TOLIC, ZORAN
777;WESTLUND, JOHANNES
778;SVENNINGSSON, JAKOB
779;HAMRIN, NIKLAS
780;RUNEBJÖRK, NILS
781;BROSTRÖM, JONATHAN
782;NILSSON, MÅNS
783;AHLQVIST, OSCAR
784;ÅKERMARK, WILHELM
785;JANSON, ALEXANDER
786;ERIK, SNICKARE
787;TSAKNAKI, VASILIKI
788;HEMGREN, DAN
789;WIDERBERG, ERNST
790;LORENZEN, JOHAN
791;PERKOLA, WILLIAM
792;DWYER, JACOB
793;BERTSE, SARA
794;HERMANSSON, VIGGO
795;KANERVA, EMIL
796;BARKSTEN, MARTIN
797;RYDBERG, DAVID
798;ÅGREN THUNÉ, ANDERS
799;PURANEN ÅHFELDT, THEO
800;LINDEBERG, JOHAN
801;ÅBERG, MARCUS
802;BLOMGREN, STAFFAN
803;HERTZ, MARCUS
804;SIDENMARK, LUDWIG
805;VILLAMAN KJELLBERG, ERIK
806;FORSBLOM, ERIK
807;ÖDLING, DAVID
808;ÖSTERLUND, ARVID
809;HÄGGVIK, ADRIAN
810;KHALILI, MARWAN
811;ALZGHAIER, SAMHAR
812;CAN KAYA, MERVAN
813;BRETZNER, LARS
814;FELDFEBER, IVANA
815;QUIROGA, YASMÍN BELÉN
816;GUEVARA, CLARISSA
817;CIOLFI FELICE, MARIANELA
818;ARNEKVIST, ISAC
819;ERICSON, LUDVIG
820;EKLIND, HENRY
821;GILEBORG, ROBIN
822;ALMANSA, A.
823;SJÖVALD, SEBASTIAN
824;SVAHN, FREDRIK
825;JONSSON, PETER
826;LJUNGBERG, LUCAS
827;LARSSON, MALIN
828;DUONG, JULIA
829;YAO HÅKANSSON, JONATHAN
830;ROSENCRANTZ, NIKLAS
831;GUANCIALE, ROBERTO
832;KHAKPOUR, NARGES
833;NEMATI, HAMED
834;LILJEFORS, FELIX
835;HEDBERG, NICLAS
836;FLORACK, LUC
837;TARIQ, MUHAMMAD ADNAN
838;ARTMAN, HENRIK
839;RENSTRÖM, MARTIN
840;HOLMSTEN, TIMOTHY
841;HELLMÉR, VILHELM
842;FREDRIKSEN, ANDRÉ
843;CAI, JIN-YI
844;HUANG, SANGXIA
845;LU, PINYAN
846;DABBAGHCHIAN, SAEED
847;NILSSON, ISAK
848;LIANG, KUO-YUN
849;MÅRTENSSON, JONAS
850;JOHANSSON, KARL H.
851;AKBARZADEH, A.
852;AKBARZADEH, AMIR
853;ODSTAM, MÅNS
854;STJ ERNDAL, A N D R E A S
855;ELMGREN, RASMUS
856;BLOMQUIST, ERIC
857;LUND, LISA
858;O'REGAN, PATRICK
859;WIKLUND, VICTOR
860;KARLSSON, AXEL
861;BERGSTRÖM, NIKLAS
862;VANHAINEN, ERIK
863;ADAMSSON, JOHAN
864;RENCELJ LING, ENGLA
865;EKSTEDT, MATHIAS
866;GUTENBERG, LUKAS
867;OLIN, EMIL
868;JONASSON, ANTON
869;WESTERLIND, SIMON
870;YUAN, ZHENGWU
871;JIANG, YANLI
872;STENDAHL, JONAS
873;ARNÖR, JOHAN
874;SAHLIN, DANIEL
875;STJERNBERG, CHRISTIAN
876;MIGUEL, VASCO
877;MELO, FRANCISCO S.
878;PAIVA, ANA
879;FRENDIN, CARL
880;SJÖROOS, ANDREAS
881;KEFATO, ZEKARIAS TILAHUN
882;ZHU, RUI
883;LINDAHL, ERIK
884;ADIBAN, MOHAMMAD
885;SINISCALCHI, MARCO
886;STEFANOV, KALIN
887;SALVI, GIAMPIERO
888;BERGLUND, JOHAN
889;RISTIC, RICHARD
890;BRÖMSTER, ANTON
891;LARSSON, ISAK
892;LINDNER, ANDREAS
893;HENRIKSSON, ERIK
894;WERLINDER, KRISTOPHER
895;FAGERLUND, MARTIN
896;MELANDER, ADAM
897;AHMED, MAHAD
898;MOHAMMED, ISMAIL
899;OLSSON, VIKTOR
900;LINDOW, MADELEINE
901;LJUNG, FREDRIK
902;ARNFLO, OSCAR
903;BEN-TAL, ODED
904;HARRIS, MATTHEW
905;STURM, BOB
906;CÖSTER, JONATAN
907;OHLSSON, MICHAEL
908;BONNEVIER, LINNEA
909;DAMNE, SARA
910;TOJAGA, VEDAD
911;KULACHENKO, ARTEM
912;ÖSTLUND, SÖREN
913;GASSER, T. CHRISTIAN
914;SIEBECKE, MARIA
915;ARVIDSON, TOR
916;DOLCETTI, GIULIO
917;LAUDATO, MARCO
918;ZEA, ELIAS
919;AL-KADHIMI, STAFFAN
920;LÖWENSTRÖM, PAUL
921;NORLIN, PATRIK
922;PAULSRUD, VIKTOR
923;LILJA, HANNA
924;EDSTRÖM KAWAJI, SIMON
925;RIBOM, JOHAN
926;LÖF, MARCUS
927;ANDERSSON, ELIAS
928;RONNELING, BENJAMIN
929;DYPBUKT KÄLLMAN, MARCUS
930;SKANTZ, ANNA
931;GATEMAN, SOLBRITT
932;YE, BRIAN
933;TIEU, BENNY
934;ARVESTAD, ISAAC
935;LAGEBRAND, HENRIK
936;GRANLUND, OSKAR
937;BÖHRNSEN, KAI
938;ANDERSSON, TOMAS
939;SPELE, NOA
940;ACIN, MEDYA
941;STANSVIK, ELVIS
942;REIMERS, AXEL
943;GUSTAFSSON, ISAK
944;BERG, THERESE
945;JONSSON, BENGT
946;TEO, ARNOLD
947;YOSIEF, DANIEL TSADA
948;ZOJAJI, SAHBA
949;PELACHAUD, CATHERINE
950;YUSUF ISSE, JAMILA
951;EL GHOUCH, CHAIMAE
952;WANG, SIYANG
953;ALEXANDERSON, SIMON
954;GUSTAFSSON, JOAKIM
955;BESKOW, JONAS
956;HENTER, GUSTAV EJE
957;SZÉKELY, ÉVA
958;DIOTALLEVI, CLAUDIO
959;VAN BUNNINGEN, THOMAS
960;ARONSSON, MARTIN
961;KORDNEJAD, BEHZAD
962;BERGSTRAND, JAN
963;ÅKERFELDT, MATS
964;BELIĆ, JOVANA
965;KUMAR, ARVIND
966;HELLGREN KOTALESKI, JEANETTE
967;HALVARDSSON, GUSTAF
968;PETERSON, JOHANNA
969;SOTO VALERO, CÉSAR
970;BAUDRY, BENOIT
971;KARLSSON, HENRIK
972;JOSEFSSON, ANDRÉ
973;ALDOR, EDVARD
974;HELLE, DANIEL
975;NORGREN, ERIC
976;JONASSON, JOHAN
977;PRÜZELIUS, PONTUS
978;MORALES SUNDSTEDT, MICHAEL
979;NORDSTEDT, MARCUS
980;EDVARDSSON, OSKAR
981;BERGLUND, LASSE
982;ACKLAND, PATRIK
983;NYBERG, PER
984;BERGELID, LINN
985;WIDEGREN, FILIP
986;LAGERQVIST, ARVID
987;HOLMÉR, VIKTOR
988;LUNDMARK, LUKAS
989;ALMQVIST, OSCAR
990;VICKSTRÖM, ERIC
991;NAGY, GÁBOR
992;THAI, KITTY
993;ELMDAHL, KALLE
994;NILSSON, HAMPUS
995;HEDENMALM, VICTORIA
996;WESTBERG-BLADH, ALEXANDER
997;JOHANSSON, GUSTAF
998;BERGMARK, GUSTAF
999;JÖNSSON, ANDREAS
1000;CSERHALMI, DANIEL
1001;SUNDSTRÖM, ALEX
1002;ÄHDEL, VICTOR
1003;LILJESTRÖM, ALFRED
1004;MÖRSELL, MARTIN
1005;HAKIMZADEH, KAMAL
1006;DOWLING, JIM
1007;LILIEQUIST, ERIK
1008;JONSSON, MARTIN
1009;LOIKO, ALEX
1010;SHOKRI-GHADIKOLAEI, HOSSEIN
1011;GHAUCH, HADI
1012;FISCHIONE, CARLO
1013;LIDSTRÖM, CHRISTIAN
1014;LESKELÄ, HANNES
1015;ENGSTRÖM, FELIX
1016;PLEANER, ELI
1017;BRANDÃO, ERIC
1018;NOLAN, MÉLANIE
1019;ANDÉN, JOAKIM
1020;CUENCA, JACQUES
1021;SVENSSON, U. PETER
1022;MUKHOPADHYAY, SAGNIK
1023;LOFF, BRUNO
1024;HAGHIFAM, MAHDI
1025;RODRÍGUEZ GÁLVEZ, BORJA
1026;THOBABEN, RAGNAR
1027;ROY, DANIEL M
1028;DZIUGAITE, GINTARE KAROLINA
1029;JANG, INSU
1030;IM, JAESEONG
1031;ZHANG, TONG
1032;YANG, HUI
1033;GUO, HAIFENG
1034;MAGUREANU, STEFAN
1035;COMBES, RICHARD
1036;CAPUTO, BARBARA
1037;SCHÜLDT, CHRISTIAN
1038;MEHRPANAH, AMIR
1039;BENZINGER, ELSA
1040;SVENBERG, MALIN
1041;RÖHSS, GUSTAV
1042;VALL, MÍRIAM
1043;RIESE, AXEL
1044;NYSTRÖM, ANDRÉ
1045;BRODIN, JOHAN
1046;PELLBY, JONATHAN
1047;DI MARCO, PIERGIUSEPPE
1048;ATHANASIOU, GEORGE
1049;MEKIKIS, PRODROMOS-VASILEIOS
1050;OHSAKA, NAOTO
1051;ARIU, KAITO
1052;MÜTZELL, MARTIN
1053;JOSEFSSON, MARKUS
1054;PRELIPCEAN, ADRIAN CORNELIU
1055;SUSILO, YUSAK OCTAVIUS
1056;GRÖNLUND, MÅRTEN
1057;JEFFORD-BAKER, JONATHAN
1058;GOLAN, JONATHAN
1059;KALLIN, JOEL
1060;ÅKERFELDT, MAGNUS
1061;ENGELHARDT, CARL
1062;RODRIGUEZ, MIJAEL
1063;SÖDERHOLM, ALBIN
1064;ERIKSSON, JOSEFINE
1065;ANNA, LINDELÖF
1066;ÅMAN, AGNES
1067;NYBLOM, HANNA
1068;JOHANSSON, HENRIK
1069;LILJA, ANTON
1070;KATSIKAS, GEORGIOS P.
1071;STEINERT, REBECCA
1072;TANNOUS, MARIO
1073;AYHAN, EMRE
1074;GLIMMERFORS, TOBIAS
1075;OLANDER ÅLUND, SIMON
1076;KUZNIAR, MACIEJ
1077;BRODD, TOBIAS
1078;DJERF, ADRIAN
1079;KOZMA, VIKTOR
1080;IVARSSON, JAKOB
1081;LINDGREN, MATHIAS
1082;ORVARSSON, SIMON
1083;AL-TAI, ELIAS
1084;ARNELA, MARC
1085;GUASCH, ORIOL
1086;GAVELLI, VIKTOR
1087;GOMEZ,, ALEXANDER
1088;HALLSMAR, FREDRIK
1089;PALM, JONAS
1090;FAXÉN, KARL-FILIP
1091;BENGTSSON, CHRISTER
1092;GRAHN, HÅKAN
1093;HAGERSTEN, ERIK
1094;KESSLER, CHRISTOPH
1095;LISPER, BJÖRN
1096;STENSTRÖM, PER
1097;KESKI-SEPPÄLÄ, EMIL
1098;SNELLMAN, MICHAEL
1099;LUNDQVIST, FILIP
1100;WALLBERG, OLLE
1101;ERIKSSON, CARL
1102;RONSTRÖM, EMIL
1103;MALMHAKE, DANIEL
1104;HOBRO, MARK
1105;HEINE, MARCUS
1106;NILSSON, PONTUS
1107;ÖHMAN, WILHELM
1108;MINOCK, MICHAEL
1109;COHEN, MIKA
1110;OSKARSSON, DANIEL
1111;PELZER, BJÖRN
1112;LARSSON FORSBERG, ALBIN
1113;VULGARAKIS FELJAN, ANETA
1114;TU, RUIBO
1115;ZHANG, KUN
1116;BERTILSON, BO CHRISTER
1117;KJELLSTRÖM, HEDVIG
1118;ZHANG, CHENG
1119;ANDRÉN, SAMUEL
1120;BOLIN, WILLIAM
1121;ERSÉUS, AUGUST
1122;STRÖMFELT, TED
1123;KÖPP, WIEBKE
1124;FRIEDERICI, ANKE
1125;ATZORI, MARCO
1126;VINUESA, RICARDO
1127;SCHLATTER, PHILIPP
1128;WEINKAUF, TINO
1129;MOHSIN, MOHAMED
1130;THANGAVELU, AJANTH
1131;BAYER, CHRISTIAN
1132;HOEL, HÅKON
1133;VON SCHWERIN, ERIK
1134;TEMPONE, RAUL
1135;LINUSSON, HENRIK
1136;NORINDER, ULF
1137;BOSTRÖM, HENRIK
1138;JOHANSSON, ULF
1139;LÖFSTRÖM, TUVE
1140;SHOKOUFANDEH, ALI
1141;DICKINSON, SVEN
1142;JÖNSSON, CLAS
1143;FORSTÉN, ANDREAS
1144;LETZNER, JOSEPHINE
1145;WIDIN, VIKTOR
1146;ADLER, JULIEN
1147;VINELL, PAUL
1148;WIKER, ADAM
1149;LILLBERG, OLIVER
1150;KONGPACHITH, ERIK
1151;JIN, YIFEI
1152;DAOUTIS, MARIOS
1153;NELLÅKER, ERIC
1154;LU, XINGYE
1155;HEDENGRAN, GUSTAV
1156;KVARNEFALK, JOHN
1157;DAHLBOM NORGREN, NILS
1158;SVENSSON, PHILIP
1159;WIKSTÉN, LOUISE
1160;JENDEBERG, DANIEL
1161;SERRA, ANDREAS
1162;WIDELL NIIGATA, KAI
1163;SEDERBLAD, KALLE
1164;TÖRNEBOHM, JOHAN TÖRNEBOHM
1165;GREINSMARK, HADAR
1166;LINDSTRÖM, ERIK
1167;KARP, MARTIN
1168;WELIN-BERGER, ROBERT
1169;BÄCKSTRÖM, ANTON
1170;GABRAIL, FEDEL
1171;BRÅTFORS, ROBIN
1172;EDSTRÖM, VIKTOR
1173;ZEYNALLI, ELDAR
1174;RINGVALL, LINUS
1175;EKHOLM, OSCAR
1176;OLSSON, JOAKIM
1177;CHRISTIANSSON, STEFAN
1178;SONG, PHILIP
1179;BROGÄRD, ANDRÉ
1180;VIKSTÉN, HENRIK
1181;MATTSSON, VIKTOR
1182;LINGTORP, ALEXANDER
1183;MOSSMYR, SIMON
1184;LILJEDAHL, FREDRIK
1185;MANSKE, ALEXANDER
1186;ONG, SHYHWANG
1187;TÄCKLIND, ANTON
1188;JOHANNES FRIDÉN RASMUSSEN, ADAM
1189;ÅKERSTRÖM, GUSTAV
1190;ANDERZÉN RODENKIRCHEN, SVEN
1191;GRANSTRÖM, MARCUS
1192;EDELAND, JOHAN
1193;ZIVKOVIC, IVAN
1194;BHAT, NATHAN
1195;ÅSBERG, FILIP
1196;AXELSSON, NATALIE
1197;RETUERTO GUTIERREZ, RODRIGO
1198;KINDBLOM, MARIE
1199;AL HAKIM, EZEDDIN
1200;VU, MINH THÀNH
1201;HUNG, VICTOR
1202;LARSSON, LARS
1203;OLSSON, SEBASTIAN
1204;ÅKESSON, JONATAN
1205;GEDDA, EMIL
1206;ERIKSSON, ANDERS
1207;STENQVIST, EVITA
1208;LÖNNÖ, JACOB
1209;ANDERSSON, MOA
1210;TRAN, LISA
1211;JERNBÄCKER, CARL
1212;POJAN, SHAHRIVAR
1213;MAUS, RICKARD
1214;ARVIDSSON, MATTIAS
1215;YANGGRATOKE, RERNGVIT
1216;AHMED, JAWWAD
1217;ARDELIUS, JOHN
1218;FLINTA, CHRISTOFER
1219;JOHNSSON, ANDREAS
1220;GILLBLAD, DANIEL
1221;STADLER, ROLF
1222;KREITZ, GUNNAR
1223;GOLDMANN, MIKAEL
1224;SIWERZ, ROBERT
1225;DAHLÉN, CHRISTOPHER
1226;LUNDIN, OSCAR
1227;NORRMAN, FREDRIK
1228;STINTZING, JOSEFIN
1229;TÖRNQVIST, ERIC
1230;GUAN, XING
1231;ADLERS, JACOB
1232;PIHL, GUSTAF
1233;NILSSON, ROBERT
1234;HENNING, KIM
1235;JANRYD, BALDER
1236;JOHANSSON, TIM
1237;ZHOU, LINGHUI
1238;LAUD, PEETER
1239;JANIUK, LUDVIG
1240;SJÖLÉN, JOHAN
1241;AMINO, ROBERT
1242;BAITAR, JONI
1243;HUISMAN, MARIEKE
1244;STRANDBERG, ARON
1245;KARLSTRÖM, PATRIK
1246;STEFAN, VASIC
1247;NICKLAS, LINDGREN
1248;BÄCK, FILIP
1249;NORDWALL, KEVIN
1250;ÅKERBLOM, BEATRICE
1251;CASTEGREN, ELIAS
1252;WRIGSTAD, TOBIAS
1253;LAMERIS, HARM
1254;MEHTA, SHIVAM
1255;AGERBLAD, JOSEFIN
1256;ANDERSEN, MARTIN
1257;SEDAR, ROSHAN
1258;ANTICHI, GIANNI
1259;BOROKHOVICH, MICHAEL
1260;KAMISIŃSKI, ANDRZEJ
1261;NIKOLAIDIS, GEORGIOS
1262;SCHMID, STEFAN
1263;BERGENHEM, CARL
1264;STRÖM, FABIAN
1265;POLACEK, LUKAS
1266;SVENSSON, OLA
1267;LAGEVIK, ADAM
1268;ESSINGER, EDVIN
1269;LILKAER, FREDRIK
1270;TELJSTEDT, CHRISTOPHER
1271;GERIES, SIMON
1272;EICHBERG, MICHAEL
1273;SALVANESCHI, GUIDO
1274;TILLMAN, ROBIN
1275;HAGBERG, LUDVIG
1276;LARSSON, MARTIN
1277;LJUNGBERG, SAMUEL
1278;MAIGA, AÏSSATA
1279;LÖV, JOHANNA
1280;BERGLIND, JONATHAN
1281;FORSMARK, MIKAEL
1282;OLSSON, OSCAR
1283;RUNDSTRÖM, TIM
1284;DONG, NING
1285;PERSSON LEJON, LUDVIG
1286;SURESH, LALITH
1287;BRAITHWAITE, SEAN
1288;BLIXT, RIKARD
1289;YE, ANDERS
1290;LORD, WILLIAM
1291;GRAHAM, PAUL
1292;HILDEBRAND, CONRAD
1293;MATHSSON, MICHAEL
1294;GREENBERG, LEV
1295;LEE, EDWARD A.
1296;MASIN, MICHAEL
1297;TRIPAKIS, STAVROS
1298;WETTER, MICHAEL
1299;HELLMAN, ERIK
1300;NORDSTRAND, MATTIAS
1301;JIN, HONGYU
1302;PALMKVIST, VIKTOR
1303;NYCANDER, PETER
1304;ANDERSSON, TOBIAS
1305;LUNDQVIST, MARCUS
1306;HOLLSTEN, DANIEL
1307;LANGESTEN, DANIEL
1308;NORBERG, JESPER
1309;JONSSON, FREDRIK
1310;TORNKVIST, MARTIN
1311;ANDERSSON, EMIL
1312;YAMAGATA, YORIYUKI
1313;HAGIYA, MASAMI
1314;INOUE, JUN
1315;MA, LEI
1316;TANABE, YOSHINORI
1317;YAMAMOTO, MITSUHARU
1318;TAJVAR, POURIA
1319;BARBOSA, FERNANDO S.
1320;PERSSON, LUDVIG
1321;YAMAZAKI, HIROYUKI  VINCENT
1322;PERTOFT, JOHN
1323;MESSING, ANDREAS
1324;RÖNNHOLM, HENRIK
1325;PALMSKOG, KARL
1326;GONZALEZ PRIETO, ALBERTO
1327;MEIROSU, CATALIN
1328;AGUILAR, XAVIER
1329;SCHLIEPHAKE, MICHAEL
1330;VAHTRAS, OLAV
1331;GIMENEZ, JUDIT
1332;VIDEL, MARKUS
1333;PALO, MATTIAS
1334;WIDÉN, LUKAS
1335;BLOMQVIST, GUSTAF
1336;EK, CARL HENRIK
1337;RÖÖS, KATJA
1338;HANSDOTTER, JENNY
1339;WESSÉN, JOHAN LUDDE
1340;CARLSSON, MATS
1341;SIMONSSON, JESPER
1342;SELKÄLÄ, JANNE
1343;BJÖRKHOLM, VIKTOR
1344;BRÄNN, JESPER
1345;JERNBÄCKER, AXEL
1346;JUNESTRAND, MAX
1347;KHODAEI, MOHAMMAD
1348;ISAKSSON, MARTIN
1349;NORRMAN, KARL
1350;AL KHATEEB, AHMAD
1351;SUMMAQ, ABDULRAZZAQ
1352;WALLSTRÖM, ANDREAS
1353;OMER, MOHAMMAD-ALI
1354;MWAKALINGA, G. JEFFY
1355;YNGSTRÖM, LOUISE
1356;PERSMAN, PONTUS
1357;ÖJEBRANT, SEBAZTIAN
1358;SANNERVIK, FILIP
1359;MAGDUM, PARTH
1360;DAHLKVIST, JACOB
1361;TOMCZAK, WILLIAM
1362;GROVER, KUSH
1363;KRETINSKY, JAN
1364;KARLGREN, JUSSI
1365;BOHMAN, MARTIN
1366;EKGREN, ARIEL
1367;ISHEDEN, GABRIEL
1368;KULLMANN, EMELIE
1369;NILSSON, DAVID
1370;NILSSON, MIKAEL
1371;PALMÉR, MATTHIAS
1372;GHOORCHIAN, KAMBIZ
1373;RAHIMIAN, FATEMEH
1374;LING, LI
1375;LARSÉN, SIMON
1376;LORENTZ, ISAC
1377;SINGH, GURJIWAN
1378;PÅLSSON, ANDREAS
1379;SZERSZEN, DANIEL
1380;DADOUN, MONA
1381;OLSSSON, DANIEL
1382;SHCHERBAKOV, MIKHAIL
1383;BALLIU, MUSARD
1384;NYBERG, TRULS
1385;GASPAR SÁNCHEZ, JOSÉ MANUEL
1386;NARRI, VANDANA
1387;PETTERSSON, HENRIK
1388;TÖRNGREN, MARTIN
1389;MARTINSSSON, FILIP
1390;LILJEQVIST, IVAN
1391;ZAGAL, JUAN CRISTOBAL
1392;BJÖRKMAN, EVA
1393;ROLAND, P.
1394;KATPATAL, CHAITANYA
1395;MEHDI, ADAM
1396;LINN, ANDREAS
1397;MÅRTENSSON, CHARLIE
1398;BRÄNNSTRÖM, JACOB
1399;NORELL, ERIK
1400;CHAVEZ, DANIEL
1401;WIDEBERG, ROBERT
1402;WISS, CHRISTOFFER
1403;PETERSON, ISAK
1404;JONSSON, EMIL
1405;LÜTZOW, JOEL
1406;MIKIVER, CECILIA
1407;MILGER, HANNAH
1408;GILLGREN, SARA
1409;RINZÉN, ELIAS
1410;ZAPATA, LUCIANO
1411;BERGENDORFF, DAVID
1412;LUNDIN, JONAS
1413;ORIOL, GUASCH
1414;TOFIGH, ALI
1415;HALLETT, MIKAEL
1416;LAGERGREN, JENS
1417;HAMESSE, CHARLES
1418;ACKERMANN, PAUL
1419;NIAZI, SALMAN
1420;RONSTRÖM, MIKAEL
1421;HARIDI, SEIF
1422;LOUSSEIEF, ELIAS
1423;HINDERSSON, TOBIAS
1424;WIKMAN, JOHN
1425;SJÖBLOM, JOHAN
1426;BOBADILLA, SOFIA
1427;MONPERRUS, MARTIN
1428;RON ARTEAGA, JAVIER
1429;SHARMA, AMAN
1430;SKOGLUND, GABRIEL
1431;WITTLINGER, MARTIN
1432;HARRYSSON, MATTIAS
1433;LAESTANDER, HJALMAR
1434;TERNSTRÖM, STEN
1435;NYSATER, RICHARD
1436;REINHAMMAR, TOBIAS
1437;DUBUS, GAËL
1438;BRESIN, ROBERTO
1439;BHATTACHARYA, SAYAN
1440;HENZINGER, MONIKA
1441;TSOURAKAKIS, CHARALAMPOS E.
1442;JAWAD, DINA
1443;ROSELL, FELICIA
1444;VIDEFORS, SARA
1445;ROSENQVIST, EMILIA
1446;JOHANSSON, SIMON
1447;LENNGREN, EMIL
1448;CREMONA, FABIO
1449;LOHSTROH, MARTEN
1450;DI NATALE, MARCO
1451;LEE, EDWARD
1452;STAVROS, TRIPAKIS
1453;MILLEVIK, DANIEL
1454;WANG, MICHAEL
1455;SKAGERSTRÖM, WILLIAM
1456;SKANTZ, DANIEL
1457;ERIKSSON, JACQUELINE
1458;STRANDBERG, MITRA
1459;NORDBERG, MARCUS
1460;KARLSSON, SIMON
1461;MUNASINGHE, AROSHINE
1462;VLAJIC, DAJANA
1463;BAHCECI, OKTAY
1464;ALSING, OSCAR
1465;VAINIONPÄÄ, IDA
1466;DAVIDSSON, SOPHIE
1467;WENSTRÖM, SEAN
1468;IHRÉN, ERIK
1469;BRYTTING,, ANDREAS
1470;NYGREN, JOHAN
1471;ANTEROS LINNARSSON, OLIVER
1472;LORENZO, SEBASTIAN
1473;PETTERSSON, MARTIN
1474;SWENSSON, DANIEL
1475;ENGSTRÖM, LINDA
1476;VIBERG, OLGA
1477;BÄLTER, OLOF
1478;HRASTINSKI, STEFAN
1479;KUCHERENKO, TARAS
1480;SZERSZEN, LUKAS
1481;PAUL-PHILIP, MOSULET
1482;TRANOS, DAMIANOS
1483;JOHANSSON, SIMON JOHANSSON
1484;BROSTRÖM, ANDREAS
1485;EREN, LUCAS
1486;ELIA, SANHERIB
1487;JANÉR, JOHN
1488;RAHIMZADAGAN, NOAH
1489;JOLÉRUS, HENRIK
1490;AGNÉR, WILLIAM
1491;VENZANO, DANIELE
1492;REXFORD, JENNIER
1493;PÁLL, SZILARD
1494;ABRAHAM, MARK JAMES
1495;KUTZNER, CARSTEN
1496;HESS, BERK
1497;KIHLSTRÖM, GUSTAV
1498;PATRYK, PRZYBYSZ
1499;LINDER, JOHANNES
1500;GUDMANDSEN, MAGNUS
1501;NATARAJAN, SARANYA
1502;PURMONEN, SAMI
1503;GRIFFIN, PAUL
1504;SULJKIC, JASMIN
1505;ERIC MOLIN, ERIC MOLIN
1506;BONIECKI, PAWEL
1507;OLLINEN JOHANSSON, FREDRIK
1508;AHMED, WAR
1509;BAHADOR, MEHRDAD
1510;EKSTRÖM, JOHAN
1511;PITKÄJÄRVI, KRISTOFER
1512;GUO, HENG
1513;XIA, MINGJI
1514;HERSÉN, NICKLAS
1515;KENNEDAL, AXEL
1516;GRESCHBACH, BENJAMIN
1517;PULLS, TOBIAS
1518;ROBERTS, LAURA M.
1519;WINTER, PHILIPP
1520;FEAMSTER, NICK
1521;TROGADAS, GIORGOS
1522;EKONOJA, LARISSA
1523;HÖSTEDT, NIKLAS
1524;LJUNGGREN, TOBIAS
1525;GRÜNLER, DANIEL
1526;RASSAM, SAMAN
1527;BIGERT, WILLIAM
1528;FRIBERG, MARCUS
1529;LARSSON, MARCUS
1530;MÖCKELIND, CHRISTOFFER
1531;KONTOGIORGOS, DIMOSTHENIS
1532;ABELHO PEREIRA, ANDRÉ TIAGO
1533;GUSTAFSON, JOAKIM
1534;REDTZER, ISABEL
1535;KROHN, AMANDA
1536;SHABO, JACK
1537;SCHRÖDER, WILLIAM
1538;REHN, RUBEN
1539;MOLÉN, RICKY
1540;BONNICI, ELIAS
1541;ARN, PER
1542;EKMAN, JOEL
1543;ONEGÅRD, DANIEL
1544;COWLING MANTEFORS, PONTUS
1545;MASKO, DAVID
1546;HENSMAN, PAULINA
1547;SILJEHOLM, LUDVIG
1548;FORSMAN, ANTON
1549;LARSSON, GUSTAF
1550;ODIN, MARCUS
1551;RUDELIUS, JOHAN
1552;ZETTERSTRÖM, ERIK
1553;BRASE, JAN
1554;FREDRIKSSON, BASTIAN
1555;LUNDBERG, EDVIN
1556;GUNNARSSON, KRISTOFFER
1557;HERBER, OLIVIA
1558;BOGDANOV, KIRILL
1559;PEÓN-QUIRÓS, MIGUEL
1560;MEIER, ANTON
1561;OLSSON, PHILIP
1562;YANG, CAN
1563;GIORDANO, B.L.
1564;EGERMANN, H.
1565;WICKSTRÖM, CARINA
1566;HOLMQUIST, ROBIN
1567;BISSMARK, JOHAN
1568;WÄRNLING, OSCAR
1569;KANCANS ENVALL, MATTIS
1570;LEWENHAUPT, AXEL
1571;SINGH, DENNIS
1572;AKTAS, ONUR
1573;XIONG, WENJUN
1574;HACKS, SIMON
1575;WESSMAN, LOVE
1576;WESSMAN, NIKLAS
1577;JARDINES, ANIEL
1578;EIVAZI, HAMIDREZA
1579;GARCÍA-HERAS, JAVIER
1580;SIMARRO, JUAN
1581;OTERO, EVELYN
1582;SOLER, MANUEL
1583;FUHRMANN, INSA
1584;VON HANXLEDEN, REINHARD
1585;SCHULZ-ROSENGARTEN, ALEXANDER
1586;REMNESTÅL, ALBIN
1587;HAST, MATTEUS
1588;MARCHIORO, THOMAS
1589;MARKATOS, EVANGELOS
1590;ARANEDA FRECCERO, LEONARDO
1591;MUNOZ CACERES, JORGE
1592;KATSIKEAS, SOTIRIOS
1593;OERTEL, CATHARINE
1594;JONELL, PATRIK
1595;MORA, KENNETH FUNES
1596;ODOBEZ, JEAN-MARC
1597;DEICHLER, ANNA
1598;MEISTER, MORITZ
1599;SHEIKHOLESLAMI, SINA
1600;ANDERSSON, ROBIN
1601;ORMENISAN, ALEXANDRU-ADRIAN
1602;HOVMARK, OLLE
1603;SCHÜLDT, EMMA
1604;FÖGEN, KONRAD
1605;GARCÍA LOZANO, MARIANELA
1606;SCHREIBER, JONAH
1607;RAMESH, CHITHRUPA
1608;RUSU, ANA
1609;ISMAIL, MOHAMMED
1610;FORSLIND, PATRIK
1611;EDWARDS, LUCIA
1612;BAHARLOO, MOHAMMAD
1613;KHONSARI, AHMEN
1614;DOLATI, MAHDI
1615;SHIRI, POUYA
1616;EBRAHIMI, MASOUMEH
1617;RAHMATI, DARA
1618;DIFFNER, FREDRIK
1619;MANJIKIAN, HOVIG
1620;OLSSON, TIM
1621;MAGNUSSON, KONRAD
1622;RIDELL, PATRIC
1623;SPETT, HENNING
1624;ENGELIN, MARTIN
1625;DE SILVA, FELIX
1626;CASSELRYD, OSKAR
1627;JANSSON, FILIP
1628;DO, VIKTOR
1629;VAHIDI, ARASH
1630;VLASSOV, VLADIMIR
1631;SARKHOSH, DAVID
1632;NOURI OTMAN FARHA, ALLAN
1633;FREIMANIS, DAVIS
1634;HONGISTO, JONAS
1635;JOHANSSON, ADAM
1636;HÄGGLUND, HUGO
1637;HÄGGLUND,, HUGO
1638;KNOWLES, ALFRED
1639;MATTSSON, FILIP
1640;KRINNINGER, SEBASTIAN
1641;SARANURAK, THATCHAPHOL
1642;NÄSMAN, JACOB
1643;SÄVÅS, JONAS
1644;ZHU, XIAOMENG
1645;MAKI, ATSUTO
1646;HANSON, LARS
1647;ALNESJÖ, ROBERT
1648;DARNALD, JOHAN
1649;BRATT, JESPER
1650;WILCZEK, ALEXANDER
1651;AMINOFF, HEDVIG
1652;MEIJER, SEBASTIAAN
1653;GROTH, KRISTINA
1654;ARNELO, URBAN
1655;STAVNESS, IAN
1656;BADIN, PIERRE
1657;ERIKSSON, HÅKAN
1658;SCHÖN, MARTIN
1659;BONNEVIER, LOWE
1660;ZLOTNIK SIRÉN, SIMON
1661;CALLVIK, JOHAN
1662;LIU, ALVA
1663;PETTERSON, DAN
1664;ROSENLEW, MATILDA
1665;LJUNGDAHL, TIMAS
1666;HUMMELGREN, LARS
1667;LYXELL, ANTON
1668;LAZIC, MARKO
1669;EDER, FELIX
1670;NOHARET, LÉO
1671;FU, ANTON
1672;DANKER, ANTON
1673;WIRGÅRD WIKLUND, JACOB
1674;DIAZ, ALEX
1675;PENG, DANIEL
1676;GHASEMIRAHNI, HAMID
1677;PAYBERAH, AMIR H.
1678;WANG, TIANZE
1679;NORDGREN, ISAK
1680;SEDERLIN, ANTON
1681;NYMAN, MOA
1682;D'ORTO, MANOLO
1683;ANDERSSON, AXEL
1684;BORGERNÄS, SEBASTIAN
1685;JOSEPHSON, VICTOR
1686;WESSLÉN, MARKUS
1687;DIZDAREVIC, KENAN
1688;ZOUGHBI, ABUD DAVID
1689;GADIA, SAURABH
1690;BLOOM, GEDARE
1691;HAMPUS, ANTON
1692;NYBERG, MATTIAS
1693;LÖKK, ADRIAN
1694;HALLMAN, JACOB
1695;JOHANSSON, DANTE
1696;RAVANTTI, RASMUS
1697;PETROSYAN, VAHAN
1698;BENJAMINSSON, SIMON
1699;SILVERSTEIN, DAVID
1700;HERMAN, PAWEL
1701;MELIS, PAUL
1702;SLAVNIĆ, VLADIMIR
1703;SPASOJEVIĆ, MARKO
1704;ALEXIEV, KIRIL
1705;LANSNER, ANDERS
1706;GINMAN, VERONICA
1707;MALMROS, KIM
1708;STORK, JOHANNES A.
1709;GOTTHARD, ARVID
1710;KADER, ZINO
1711;KALOGIANNIS, KONSTANTINOS
1712;HENRIKSSON, ANDREAS
1713;PAPADIMITRATOS, PANOS
1714;HELLSTRÖM, VILMA
1715;ERIKSSON, SINÉAD
1716;CEYLAN, CIWAN
1717;SUNESSON, ALBIN
1718;ANDERSSON, MÅNS
1719;LOXDAL, JOAKIM
1720;ANGERMUND, EMMA
1721;LINDQVIST, EMMA
